LotArea,LotFrontage,YearBuilt,1stFlrSF,2ndFlrSF,YearRemodAdd,TotRmsAbvGrd,KitchenAbvGr,BedroomAbvGr,GarageCars,GarageArea,price
8450,65.0,2003,856,854,2003,8,1,3,2,548,12.24769911637256
9600,80.0,1976,1262,0,1976,6,1,3,2,460,12.109016442313738
11250,68.0,2001,920,866,2002,6,1,3,2,608,12.317171167298682
9550,60.0,1915,961,756,1970,7,1,3,3,642,11.849404844423074
14260,84.0,2000,1145,1053,2000,9,1,4,3,836,12.429220196836384
14115,85.0,1993,796,566,1995,5,1,1,2,480,11.870606902224589
10084,75.0,2004,1694,0,2005,7,1,3,2,636,12.63460628389302
10382,70.0,1973,1107,983,1973,7,1,3,2,484,12.206077645517674
6120,51.0,1931,1022,752,1950,8,2,2,2,468,11.774527900858468
7420,50.0,1939,1077,0,1950,5,2,2,1,205,11.678448377988165
11200,70.0,1965,1040,0,1965,5,1,3,1,384,11.771443882099636
11924,85.0,2005,1182,1142,2006,11,1,4,3,736,12.75130259456002
12968,70.0,1962,912,0,1962,4,1,2,1,352,11.87757552297847
10652,91.0,2006,1494,0,2007,7,1,3,3,840,12.54076114938842
10920,70.0,1960,1253,0,1960,5,1,2,1,352,11.964007453736912
6120,51.0,1929,854,0,2001,5,1,2,2,576,11.790564777297387
11241,70.0,1970,1004,0,1970,5,1,2,2,480,11.91170829631447
10791,72.0,1967,1296,0,1967,6,2,2,2,516,11.407576060361786
13695,66.0,2004,1114,0,2004,6,1,3,2,576,11.976665770490769
7560,70.0,1958,1339,0,1965,6,1,3,1,294,11.842236406331557
14215,101.0,2005,1158,1218,2006,9,1,4,3,853,12.692506186542175
7449,57.0,1930,1108,0,1950,6,1,3,1,280,11.84510995088398
9742,75.0,2002,1795,0,2002,7,1,3,2,534,12.345838935721968
4224,44.0,1976,1060,0,1976,6,1,3,2,572,11.774527900858468
8246,70.0,1968,1060,0,2001,6,1,3,1,270,11.944714374881176
14230,110.0,2007,1600,0,2007,7,1,3,3,890,12.454107814022272
7200,60.0,1951,900,0,2000,5,1,3,2,576,11.811554895830454
11478,98.0,2007,1704,0,2008,7,1,3,3,772,12.631343648903034
16321,47.0,1957,1600,0,1997,6,1,2,1,319,12.242891437918386
6324,60.0,1927,520,0,1950,4,1,1,1,240,11.134603622683905
8500,50.0,1920,649,668,1950,6,1,3,1,250,10.59665973278358
8544,70.0,1966,1228,0,2006,6,1,3,1,271,11.914054519303123
11049,85.0,2007,1234,0,2007,7,1,3,2,484,12.100161978566868
10552,70.0,1959,1700,0,1959,6,1,4,2,447,12.016732516077072
7313,60.0,2005,1561,0,2005,6,1,2,2,556,12.533579815765735
13418,108.0,2004,1132,1320,2005,9,1,4,3,691,12.6410997921206
10859,112.0,1994,1097,0,1995,6,1,3,2,672,11.884495917930655
8532,74.0,1954,1297,0,1990,5,1,3,2,498,11.938199736300923
7922,68.0,1953,1057,0,2007,5,1,3,1,246,11.599112335481124
6040,65.0,1955,1152,0,1955,6,2,2,0,0,11.31448672129398
8658,84.0,1965,1324,0,1965,6,1,3,2,440,11.982935344196433
16905,115.0,1959,1328,0,1959,5,1,2,1,308,12.04355959836804
9180,70.0,1983,884,0,1983,5,1,2,2,504,11.87757552297847
9200,70.0,1975,938,0,1980,5,1,3,1,308,11.777218637129328
7945,70.0,1959,1150,0,1959,6,1,3,1,300,11.856522261533735
7658,61.0,2005,1752,0,2005,6,1,2,2,576,12.675766851909591
12822,48.0,2003,1518,631,2003,6,1,1,2,670,12.387089184491993
11096,84.0,2006,1656,0,2006,7,1,3,3,826,12.428019481065611
4456,33.0,1920,736,716,2008,8,3,2,0,0,11.635151947212842
7742,66.0,1966,955,0,1966,6,1,3,1,386,11.751950239425476
13869,70.0,1997,794,676,1997,6,1,3,2,388,12.08391066125752
6240,52.0,1934,816,0,1950,6,1,3,2,528,11.648338835562749
8472,110.0,1963,816,0,1963,5,1,2,2,516,11.60824473564232
50271,68.0,1981,1842,0,1987,5,1,0,3,894,12.861001210669146
7134,60.0,1955,1360,0,1955,6,1,3,2,572,11.775297421715829
10175,100.0,1964,1425,0,1964,7,1,3,2,576,12.103491596905933
2645,24.0,1999,983,756,2000,7,1,3,2,480,12.058158312538197
11645,89.0,2004,860,860,2004,7,1,3,2,565,12.188422799337028
13682,66.0,2006,1426,1519,2006,10,1,3,3,641,12.9917557065369
7200,60.0,1972,780,0,1972,4,1,2,1,352,11.73527670248674
13072,63.0,2004,1158,0,2004,5,1,3,2,576,11.970356641103
7200,60.0,1920,581,530,1996,6,1,3,1,288,11.52288569676448
6442,44.0,2006,1370,0,2006,6,1,2,2,484,12.218500103788145
10300,50.0,1921,902,808,1950,9,1,3,2,480,11.849404844423074
9375,70.0,1997,1057,977,1998,8,1,3,2,645,12.299112067295642
9591,76.0,2004,1143,1330,2005,9,1,4,3,852,12.666660207428574
19900,70.0,1970,2207,0,1989,7,1,3,2,576,12.100717685412471
10665,72.0,2003,1479,0,2003,7,1,3,2,558,12.328294703023394
4608,47.0,1945,747,0,1950,4,1,2,1,220,11.289794413577894
15593,81.0,1953,1304,983,1953,7,1,3,2,667,12.323860125621126
13651,95.0,1973,2223,0,1973,8,1,3,2,516,12.404927602627597
7599,69.0,1982,845,0,2006,4,1,2,2,360,11.771443882099636
10141,74.0,1998,885,833,1998,7,1,3,2,427,12.128116509451258
10200,85.0,1954,1086,0,2003,6,1,3,2,490,11.88380602959621
5790,60.0,1915,840,765,1950,8,2,3,1,379,11.58432477200052
1596,21.0,1973,526,462,1973,5,1,2,1,297,11.418625774449596
8475,70.0,1956,952,0,1956,4,1,2,1,283,11.818577604251557
8635,50.0,1948,1072,213,2001,6,1,2,1,240,11.751950239425476
10778,72.0,1968,1768,0,1968,8,2,4,0,0,11.824087219587645
10440,60.0,1910,682,548,1981,5,1,2,2,440,11.60824473564232
13000,100.0,1968,1182,960,1968,8,1,4,1,509,12.173037959397275
4500,32.0,1998,1337,0,1998,5,1,2,2,405,11.941462360646147
10206,78.0,2007,1563,0,2007,6,1,3,3,758,12.409017571151187
8892,80.0,1960,1065,0,1960,6,1,3,2,461,11.748005492256809
8530,70.0,1995,804,670,1996,7,1,3,2,400,12.034696963475044
16059,121.0,1991,1301,1116,1992,9,1,4,2,462,12.468440756144114
11911,122.0,2005,684,876,2005,6,1,3,2,400,12.066816325306588
3951,40.0,2009,612,612,2009,4,1,2,2,528,12.010671928196444
8470,105.0,1915,1013,0,1982,6,1,2,0,0,11.350418300109132
8070,60.0,1994,990,0,1995,5,1,3,0,0,11.724813914587886
7200,60.0,1950,1040,0,1950,4,1,2,2,420,11.60733523953139
8500,85.0,1961,1235,0,1961,6,1,2,2,480,11.498836682527129
13360,80.0,1921,964,0,2006,5,1,2,2,432,12.004574385508691
7200,60.0,1910,1260,1031,1998,9,2,4,2,506,11.804855999911272
9337,69.0,1997,905,881,1997,7,1,3,2,684,12.229549885708272
9765,70.0,1993,680,790,1993,6,1,3,2,420,12.128116509451258
10264,78.0,1999,1588,0,1999,6,1,3,2,472,12.273735966890268
10921,73.0,1965,960,0,1965,6,1,3,1,432,11.459007676978688
10625,85.0,1920,835,0,1950,5,1,2,1,366,11.326607934898927
9320,77.0,1959,1225,0,1959,6,1,3,0,0,11.7671877662232
10603,70.0,1977,1610,0,2001,6,1,3,2,480,12.230770136157428
9206,77.0,1985,977,755,1985,7,1,3,2,476,12.08954444723597
7018,64.0,1979,1535,0,1979,8,2,4,2,410,11.68658461118553
10402,94.0,2009,1226,0,2009,6,1,3,3,740,12.200562492481511
7758,70.0,1931,1226,592,1950,7,1,4,1,240,12.040614105490253
9375,75.0,2003,1053,939,2004,9,1,3,2,648,12.429220196836384
10800,60.0,1885,1047,0,1995,6,1,2,1,273,11.51293546492023
6000,50.0,1948,789,0,1950,5,1,2,1,250,11.652696102959752
8500,85.0,1919,997,520,2005,7,1,3,0,0,11.652696102959752
11751,105.0,1977,1844,0,1977,7,1,3,2,546,12.154784614286667
9525,75.0,1954,1216,639,1972,7,1,4,1,325,11.827013315851762
7750,70.0,2000,774,656,2000,7,1,3,2,400,12.100717685412471
9965,77.0,2007,1282,1414,2007,10,1,4,3,792,12.85832230788469
21000,70.0,1953,2259,0,1953,7,1,3,2,450,12.28765724080691
7259,61.0,1945,1436,884,2002,9,1,3,1,180,12.466515835145202
3230,34.0,1999,729,729,1999,5,1,2,2,440,12.07824495582233
11616,70.0,1962,1092,0,1962,6,1,3,1,288,11.842236406331557
8536,74.0,2006,1125,0,2007,5,1,2,2,430,11.951186847493476
12376,90.0,1990,1699,1523,1990,11,1,5,3,594,12.676079399771028
8461,65.0,2005,728,728,2006,8,1,3,2,390,12.0075668272517
21453,70.0,1969,988,0,1969,4,1,1,2,540,12.100717685412471
6060,50.0,1939,772,351,1950,4,1,3,1,264,11.51293546492023
9464,75.0,1958,1080,0,1958,5,1,3,1,288,11.820417517632333
7892,55.0,1993,1199,0,1993,5,1,2,2,530,11.944064817531656
17043,48.0,1979,1586,0,1998,7,1,3,2,435,12.10625783509458
6780,60.0,1935,520,0,1982,5,1,2,0,0,11.344518647594766
4928,70.0,1976,958,0,1976,5,1,2,2,440,11.759793355371237
4388,55.0,1930,840,0,1950,5,1,3,0,0,11.373674891823535
7590,69.0,1966,660,688,1966,6,1,3,2,453,11.951186847493476
8973,69.0,1958,1053,0,1991,6,1,3,2,750,11.918397239722838
14200,88.0,1966,1216,941,1966,8,1,4,2,487,12.328294703023394
12224,70.0,2000,1022,1032,2000,7,1,3,2,390,12.404927602627597
7388,75.0,1959,1327,0,2002,7,1,3,2,624,11.9233847480666
6853,70.0,2001,1296,0,2002,6,1,2,2,471,12.301387370778713
10335,78.0,1968,1721,0,1993,7,1,3,2,440,12.100717685412471
10400,80.0,1970,1682,0,1970,7,1,3,2,530,12.066816325306588
10355,70.0,1967,1214,0,1967,5,1,3,1,318,11.870606902224589
11070,82.0,1988,1959,0,1989,9,2,5,3,766,12.049424683420916
9066,73.0,1999,1004,848,2000,7,1,3,3,660,12.345838935721968
15426,65.0,1997,928,836,1997,7,1,3,2,470,12.352339472153524
10500,70.0,1971,864,0,1971,5,1,3,0,0,11.652696102959752
11645,78.0,2005,1734,0,2005,7,1,3,2,660,12.468440756144114
8520,71.0,1952,910,475,1952,6,1,4,2,720,12.01974909141692
10335,78.0,1999,1501,0,1999,6,1,3,2,577,12.225880174775122
9100,70.0,1963,1728,0,1963,10,2,6,2,504,11.736077016252436
2522,24.0,2004,970,739,2006,7,1,3,2,380,11.775297421715829
6120,51.0,1931,875,0,1993,5,1,2,1,180,11.561725152903833
9505,70.0,2001,884,1151,2001,8,1,3,2,434,12.312686874960354
7500,63.0,2004,1080,0,2005,6,1,3,0,0,11.856522261533735
6240,70.0,1936,896,448,1950,7,1,3,1,240,11.652696102959752
10356,120.0,1975,969,0,1975,5,1,3,2,440,11.711784520403112
13891,107.0,2007,1710,0,2008,6,1,2,3,866,12.82773188020652
14803,70.0,1971,1097,896,1971,8,1,4,2,495,12.154784614286667
13500,70.0,1960,1252,0,1975,4,1,1,2,564,12.367345048436391
11340,84.0,1923,1200,0,1950,7,1,4,1,312,11.736077016252436
9600,60.0,1924,572,524,1950,5,1,2,0,0,11.277215789596893
7200,60.0,1950,1040,0,1950,5,1,2,2,625,11.603688960617085
12003,92.0,2009,774,1194,2010,8,1,4,3,680,12.504327379899443
12552,100.0,2004,991,956,2005,8,1,3,2,678,12.448630513463613
19378,134.0,2005,1392,1070,2006,9,1,4,2,576,12.676079399771028
11120,70.0,1984,1232,0,1984,6,1,3,2,516,11.998439434579147
13688,110.0,2003,1572,1096,2004,10,1,3,3,726,12.92999390899636
12182,95.0,2005,1541,0,2005,7,1,3,2,532,12.301387370778713
5500,55.0,1956,882,0,1956,4,1,1,0,0,11.544433821905134
5400,40.0,1926,1149,467,2004,5,1,3,1,216,11.93164237875414
10106,62.0,1940,808,547,1999,6,2,4,0,0,11.755879486687116
10708,70.0,1955,1867,0,1993,7,1,2,1,303,12.154784614286667
10562,86.0,2007,1610,551,2007,8,1,3,3,789,12.693501691489768
8244,62.0,2004,840,880,2004,7,1,3,2,440,12.119975396053194
16669,70.0,1981,1707,0,1981,6,1,2,2,511,12.337105293891872
12358,70.0,1941,854,0,1950,7,1,2,2,660,11.7636919653883
31770,141.0,1960,1656,0,1960,7,1,3,2,528,12.278397958261774
5306,44.0,1987,1064,703,1987,5,1,2,2,504,12.384223015005311
10197,80.0,1961,1362,0,1961,6,1,3,2,504,12.001511614739403
12416,47.0,1986,1651,0,1986,7,1,3,2,616,12.122696471358964
12615,84.0,1950,2158,0,2001,7,1,4,2,576,12.400820837540556
10029,97.0,1988,1164,896,1989,8,1,4,2,521,12.259618151783464
13650,70.0,1958,1252,668,1958,8,1,4,2,451,12.058158312538197
17423,63.0,2008,2234,0,2009,9,1,1,3,1166,13.126032637428713
8520,60.0,1923,968,0,2006,5,1,2,2,480,11.51293546492023
2117,70.0,2000,769,756,2000,5,1,3,2,440,12.08391066125752
7588,54.0,1920,901,901,1950,9,1,4,1,216,12.206577518060588
9060,60.0,1957,1340,0,2006,7,1,3,1,252,11.695255355062796
11426,63.0,2003,1362,720,2003,6,1,3,2,484,12.206077645517674
7438,92.0,1908,936,316,1991,5,1,3,2,576,11.751950239425476
22950,90.0,1892,1518,1518,1993,12,1,4,3,840,13.07107218827772
9947,70.0,1990,1217,0,1991,6,1,3,2,497,12.06105265381003
10410,60.0,1916,808,704,1987,8,1,3,1,180,11.81303746480054
7018,64.0,1979,1224,0,1979,6,2,2,2,528,11.940399914116648
4923,41.0,2001,1593,0,2002,5,1,0,2,682,12.563750586299374
10570,70.0,1932,1549,1178,1994,10,1,3,2,440,12.660331092405906
7472,70.0,1972,725,754,2004,7,1,4,2,484,12.122696471358964
9017,68.0,1999,1431,0,1999,6,1,3,2,666,12.165255859329688
2522,24.0,2004,970,739,2004,7,1,3,2,380,11.775297421715829
7180,60.0,1972,864,0,1972,5,1,3,1,352,11.751950239425476
2280,24.0,1976,855,601,1976,7,1,3,2,440,11.908346971208951
9416,79.0,2007,1726,0,2007,8,1,3,3,786,12.650351332641709
25419,174.0,1918,1360,1360,1990,8,1,4,2,795,12.367345048436391
5520,92.0,1912,929,929,1950,8,1,5,0,0,11.552155793461898
9591,76.0,2004,1713,0,2005,7,1,3,3,856,12.524166311833152
8546,80.0,2003,1121,0,2004,5,1,2,2,440,11.849404844423074
10125,75.0,1977,1279,0,1977,6,1,3,2,473,12.052344376474922
7000,50.0,1924,865,445,1950,6,1,2,1,398,11.6262630788088
4438,70.0,2004,848,0,2004,3,1,1,2,420,11.91170829631447
3500,50.0,1947,720,564,1950,5,1,2,1,240,11.60824473564232
11851,99.0,1990,1442,0,1990,5,1,3,2,500,12.103491596905933
13673,40.0,1962,1696,0,1962,8,1,3,1,349,11.87688084212164
12493,70.0,1960,1100,0,1960,6,1,3,1,312,11.856522261533735
14364,70.0,1988,1180,882,1989,7,1,3,2,454,12.531776395271262
8250,75.0,1964,1092,0,1964,6,1,3,2,504,11.884495917930655
5604,67.0,1925,864,0,1950,5,1,2,0,0,11.49273296168228
10420,83.0,2009,1212,0,2009,6,1,3,2,460,12.133507329024972
8640,72.0,2009,932,920,2009,7,1,3,2,644,12.439875187430008
13568,43.0,1995,990,0,1995,5,1,3,2,576,11.95761769646754
10900,70.0,1977,689,703,1977,6,1,3,1,299,11.993813394724253
10011,72.0,1957,1236,0,1996,6,1,2,1,447,11.808955099378537
8450,65.0,2004,1436,0,2004,8,1,3,2,484,12.25486757159303
9906,57.0,1925,810,518,1950,8,1,3,1,210,11.580593459194764
15660,70.0,1939,1137,817,2006,8,1,3,2,431,12.649157827477366
3010,43.0,2005,1248,0,2006,5,1,2,2,438,12.027191164883384
8990,73.0,2006,1498,0,2006,5,1,2,2,675,12.23028221464456
8068,70.0,2002,1010,1257,2002,8,1,4,2,390,12.206077645517674
11475,85.0,1975,811,741,1975,6,1,3,2,434,12.100161978566868
10500,70.0,1971,864,0,1971,4,1,2,2,576,11.48247656671073
13472,103.0,2003,2392,0,2003,8,1,3,3,968,12.864242696187503
1680,21.0,1971,630,672,1971,6,1,3,1,280,11.6262630788088
9950,82.0,1995,1214,1306,1995,9,1,4,3,721,12.577639650232571
1869,21.0,1970,483,504,1970,5,1,2,1,280,11.571203807011967
8521,70.0,1967,912,0,1967,5,1,3,1,336,11.736077016252436
3182,43.0,2005,1555,0,2006,7,1,2,2,430,12.167856627501678
8760,73.0,1959,1194,0,1959,6,1,3,1,312,11.904974309480185
15138,174.0,1995,1490,1304,1996,9,1,4,3,810,12.90669432231532
1680,21.0,1972,483,504,1972,5,1,2,1,288,11.456365695436428
10650,75.0,1976,894,0,1976,5,1,3,1,308,11.761354623750297
7851,70.0,2002,860,1100,2002,8,1,4,2,440,12.28535044535166
1680,21.0,1971,483,504,1971,5,1,2,1,264,11.402005077384883
8773,65.0,2004,1414,0,2004,6,1,3,2,494,12.130815551850676
9453,70.0,1993,1014,730,2003,7,1,3,2,457,12.178192583415596
12030,93.0,2007,1694,0,2007,7,1,3,3,818,12.669809806411456
8741,52.0,1945,798,689,1950,7,1,3,1,220,11.635151947212842
9000,75.0,2008,1566,0,2008,7,1,3,2,750,12.47801017053037
3880,40.0,1945,866,0,1997,4,1,2,0,0,11.612779849672751
5000,63.0,1900,889,551,1950,6,1,3,1,352,11.277215789596893
10762,75.0,1980,626,591,1980,6,1,3,1,288,11.695255355062796
8880,70.0,1994,1222,888,2002,8,1,3,2,463,12.230770136157428
10400,80.0,1988,1872,0,1988,6,1,3,2,604,12.39462889285294
9142,69.0,1910,908,1020,1950,9,2,4,1,440,11.827743504053696
11310,75.0,1954,1375,0,1954,5,1,2,2,451,11.849404844423074
11317,72.0,2003,840,828,2003,8,1,3,2,500,12.100717685412471
159000,70.0,1958,1444,700,2006,7,1,4,2,389,12.531776395271262
5350,55.0,1940,1306,0,1966,6,1,3,0,0,11.245059091624617
4750,44.0,2006,1625,0,2007,5,1,2,2,538,12.367345048436391
8366,65.0,2004,798,842,2004,6,1,3,2,520,12.06105265381003
9350,85.0,1964,1302,0,1991,7,1,3,1,309,11.970356641103
8400,70.0,1957,1314,0,1957,5,1,3,1,294,11.884495917930655
8738,66.0,1999,1005,1286,1999,8,1,4,2,429,12.345838935721968
8791,64.0,2003,864,864,2003,7,1,3,2,673,12.242891437918386
8814,68.0,2006,1604,0,2006,8,1,3,2,660,12.301387370778713
12435,80.0,2001,963,829,2001,7,1,3,2,564,12.352339472153524
12702,70.0,1956,882,0,1956,4,1,2,1,308,11.48247656671073
19296,120.0,1962,1382,0,1962,6,1,3,2,884,12.07824495582233
9588,69.0,2007,1482,1092,2007,10,1,3,3,868,12.52815976788113
8471,88.0,1977,1212,0,1995,6,1,3,2,492,11.92504173829169
5500,50.0,1929,926,0,2001,6,1,3,2,484,11.775297421715829
5232,30.0,1925,764,0,2004,4,1,2,2,504,11.19822841866684
12090,78.0,1981,1422,0,1981,7,1,3,2,576,12.075400019877522
11207,70.0,1997,802,709,1997,8,1,3,2,413,12.128116509451258
8400,60.0,1939,1052,720,1997,8,1,4,1,240,12.097936057925594
6900,71.0,1940,778,0,1955,4,1,2,1,924,11.6994133306336
7917,70.0,1976,1113,0,1976,6,1,3,1,504,11.904974309480185
10728,84.0,2006,1095,844,2006,8,1,3,3,1053,12.491255347155263
39104,73.0,1954,1363,0,2005,5,1,2,2,439,12.39462889285294
11764,92.0,1999,1164,1106,2007,9,1,4,3,671,12.577639650232571
9600,80.0,1958,1632,0,1988,6,1,3,1,338,11.842236406331557
8314,76.0,1982,816,0,1982,5,1,2,1,264,11.732069026983156
7264,55.0,1925,952,596,2007,5,1,3,2,672,12.230770136157428
9196,129.0,2003,1560,0,2003,7,1,3,2,573,12.211065162153217
19138,140.0,1951,864,0,1951,4,1,2,2,400,11.856522261533735
14450,107.0,2006,2121,0,2007,8,1,3,3,732,12.93675402171804
10005,83.0,1977,1156,866,1977,8,1,4,2,505,12.165255859329688
11287,82.0,1989,1175,807,1989,7,1,3,2,575,12.339295865674435
7200,60.0,2006,1262,0,2006,5,1,2,2,572,12.128116509451258
5063,34.0,2007,1314,0,2008,6,1,2,2,626,12.242891437918386
9612,74.0,2008,1468,0,2009,6,1,3,3,898,12.407383590534293
8012,50.0,1992,1575,0,1992,5,1,2,2,529,12.09626335986454
4251,35.0,2006,625,625,2007,5,1,2,2,528,12.011886987792716
9786,77.0,1962,1085,649,1981,7,1,3,2,440,11.976665770490769
8125,70.0,1971,858,0,1971,5,1,3,0,0,11.38510345703214
9819,70.0,1967,900,0,1967,5,1,3,1,280,11.711784520403112
8730,60.0,1915,698,698,2003,7,1,3,1,384,11.941950837487406
15611,120.0,2006,1079,840,2006,8,1,3,2,685,12.359784657728284
5687,55.0,1912,936,780,2000,9,1,6,0,0,11.819681958463892
11409,60.0,1949,1148,568,2008,8,1,3,1,281,11.78296023574194
16659,70.0,1977,1468,795,1994,9,1,3,2,539,12.367345048436391
9600,80.0,1953,1644,0,1953,7,1,3,2,418,12.025755079404917
7937,37.0,1984,1003,0,1984,6,1,3,2,588,11.86710429621008
13710,75.0,1950,910,648,1950,6,1,4,1,282,11.93164237875414
7399,66.0,1997,975,975,1998,7,1,3,2,576,12.384223015005311
11700,90.0,1968,1041,702,1968,7,1,3,2,539,12.07254696717504
14000,80.0,1950,1152,0,2004,6,1,3,1,300,11.973516181427836
15750,90.0,1953,1336,0,1953,5,1,2,1,375,11.964007453736912
16226,66.0,1998,1210,1242,1999,9,1,4,2,683,12.495007682693725
13704,118.0,2001,1541,0,2002,6,1,3,3,843,12.230770136157428
9800,70.0,1972,894,0,1972,5,1,3,2,552,11.917730355182512
18386,87.0,1880,1675,1818,2002,10,1,3,3,870,12.59473402514672
10386,80.0,2004,2000,0,2005,8,1,3,3,888,12.63101679917582
13474,116.0,1990,1122,1121,1991,8,1,4,3,746,12.323860125621126
7920,70.0,1920,1035,371,1950,6,1,3,0,0,11.402005077384883
12342,70.0,1940,861,0,1950,4,1,1,2,539,11.320565693461432
12378,90.0,2003,1944,0,2004,8,1,3,3,708,12.793862088206213
7685,70.0,1993,697,804,1994,6,1,3,2,420,12.017336559562407
8000,50.0,1948,972,0,2002,5,1,2,1,240,11.790564777297387
7800,65.0,1939,793,325,1950,5,1,3,2,410,11.694421681264394
215245,150.0,1965,2036,0,1965,8,1,3,2,513,12.83468397161566
9600,60.0,1925,832,809,1990,6,1,3,2,546,12.08954444723597
7795,71.0,2004,716,716,2005,6,1,3,2,432,12.14685859089592
13005,94.0,1980,1153,1200,1980,10,1,4,2,484,12.468440756144114
9000,75.0,2006,1088,871,2006,8,1,3,3,1025,12.506180941677355
9900,90.0,1993,1372,1274,1993,9,1,4,3,656,12.468440756144114
14115,70.0,1980,1472,0,1980,6,1,3,2,588,12.141539457711714
16259,111.0,2006,1249,1347,2006,9,1,4,3,840,12.74444728628135
12099,99.0,2004,1136,1332,2004,10,1,4,3,872,12.777055016970678
10380,86.0,1986,1553,1177,1987,8,1,4,2,576,12.614868865984633
5820,49.0,1955,1163,0,2005,6,1,3,1,220,11.745433036677351
11275,96.0,1967,1898,1080,2007,11,1,5,2,564,12.396697137361691
5000,50.0,1941,803,0,1950,5,1,2,2,360,11.373674891823535
10846,32.0,1993,1719,0,1993,6,1,1,2,473,12.688501881189456
11600,80.0,1960,1383,0,1960,7,1,3,1,292,11.886218559372042
11888,70.0,1916,1445,689,1994,10,1,5,2,441,12.276069679344005
6402,60.0,1920,596,596,1950,6,1,3,1,189,11.264476926102368
10624,70.0,1964,1728,0,1964,10,2,6,1,352,11.686887175419702
8176,70.0,1958,1056,0,1992,6,1,3,1,308,11.842236406331557
10655,85.0,2003,1629,0,2004,7,1,3,3,880,12.556733038263904
8198,59.0,2004,1358,0,2004,6,1,2,2,484,12.240478903153711
9042,59.0,1998,943,695,1998,7,1,3,2,472,12.165255859329688
164660,70.0,1965,1619,167,1965,7,1,3,2,529,12.34126328584159
14157,86.0,2005,1922,0,2006,8,1,3,3,676,12.841132451487937
9135,70.0,2002,1536,0,2003,7,1,3,2,532,12.273735966890268
14145,91.0,1984,1621,0,1998,8,1,3,2,440,12.218500103788145
12400,66.0,1958,1215,0,1998,6,1,3,1,297,11.951186847493476
14191,85.0,2002,993,915,2002,9,1,4,2,431,12.220473454337986
8400,60.0,1950,841,0,1950,4,1,2,1,294,11.31448672129398
8544,70.0,1949,1040,0,1950,6,2,2,2,400,11.37940550085183
8849,63.0,2005,1684,0,2005,6,1,2,2,564,12.491255347155263
2592,36.0,1976,536,576,1976,4,1,3,1,336,11.350418300109132
6435,65.0,1939,972,605,1950,6,1,3,1,312,11.850832386224807
12772,70.0,1960,958,0,1998,5,1,2,1,301,11.928347504569842
17600,70.0,1960,1478,0,1960,6,1,3,2,498,11.967187086434018
2448,36.0,2003,764,862,2004,6,1,2,2,474,11.944714374881176
20431,56.0,2005,1848,880,2006,10,1,4,3,706,12.988043102265232
7820,68.0,2007,1869,0,2007,6,1,2,2,617,12.670001611311877
5271,70.0,1986,1453,0,1986,6,1,2,2,445,12.154784614286667
9084,60.0,1941,616,495,1950,5,1,3,1,200,11.461642696843066
8520,60.0,1928,720,0,2003,5,1,2,2,484,11.570259974415547
8400,60.0,1940,1192,403,2000,6,1,2,1,240,11.849404844423074
11249,105.0,1995,1200,0,1995,6,1,3,2,521,12.086731521684555
9248,70.0,1992,1167,0,1992,6,1,3,2,400,12.06105265381003
4224,44.0,1976,1142,0,1976,6,1,3,2,528,11.80560254159177
6930,92.0,1958,1352,0,1958,6,1,3,1,288,11.775297421715829
12011,78.0,1998,1086,838,1998,7,1,3,2,592,12.54254845357358
7540,70.0,1978,912,0,1978,5,1,2,2,470,11.95761769646754
9144,70.0,1940,988,517,1982,8,1,3,1,240,11.884495917930655
7301,64.0,2003,495,1427,2003,7,1,4,2,672,12.198549416880068
1680,21.0,1972,483,504,2007,5,1,2,1,264,11.678448377988165
18800,70.0,1976,790,784,1976,6,1,3,2,566,12.154784614286667
10690,59.0,1920,672,672,1997,6,1,3,1,468,11.898194668458824
9500,70.0,1963,1394,0,1963,6,1,3,2,514,11.976665770490769
9150,101.0,1962,1431,0,1962,6,1,3,1,296,12.013706813470414
7800,78.0,1954,1268,0,1954,7,1,2,1,244,11.790564777297387
9830,70.0,1959,1287,0,2006,7,1,3,2,576,11.995357787034976
8121,70.0,2000,953,711,2000,7,1,3,2,460,12.057578437658943
17120,80.0,1959,1120,468,1959,7,1,4,2,680,11.808821212646512
7175,50.0,1984,752,0,1984,4,1,2,1,264,11.736077016252436
10634,79.0,1953,1319,0,1953,5,1,3,1,270,11.719947764402807
8200,65.0,2003,847,1081,2004,8,1,4,2,434,12.299112067295642
10020,70.0,1922,904,0,1950,4,1,1,0,0,11.0186455364637
8846,57.0,1996,914,0,1996,5,1,2,2,576,11.904974309480185
11143,102.0,2004,1580,886,2005,8,1,4,2,610,12.73670383776449
11394,88.0,2010,1856,0,2010,8,1,1,3,834,12.885204569609956
8123,60.0,2000,1007,793,2000,7,1,3,2,463,12.095146671399466
5000,50.0,1924,1026,665,1950,6,1,3,1,308,11.751950239425476
7200,60.0,2006,1301,0,2006,5,1,2,2,572,12.142871895843887
9245,79.0,2006,939,858,2006,8,1,3,2,639,12.271396795480596
9000,60.0,1928,784,0,1950,5,1,2,2,360,11.23850177707664
53107,70.0,1992,1079,874,1992,9,1,3,2,501,12.388398368982116
3182,43.0,2004,1269,0,2005,6,1,2,2,430,12.165255859329688
8410,58.0,1910,658,526,1996,8,1,5,0,0,11.302216779257382
7200,72.0,1976,1125,0,1976,6,1,3,1,352,11.736077016252436
9382,93.0,1999,1479,0,2000,6,1,3,2,577,12.160033942617156
12474,96.0,2007,1742,590,2008,9,1,3,3,846,12.962196972666591
8405,50.0,1900,961,406,1950,7,1,4,1,384,11.686887175419702
12209,71.0,2001,804,1157,2002,7,1,3,2,560,12.278397958261774
8339,70.0,1959,882,0,1959,5,1,3,1,294,11.575909653758895
7446,70.0,1941,788,0,1950,4,1,2,0,0,11.51293546492023
10134,60.0,1940,735,299,1950,5,1,2,1,240,11.599112335481124
9571,68.0,1956,1144,0,1956,6,1,3,1,596,11.767575435251748
7200,60.0,1972,894,0,1972,6,1,2,2,600,11.719947764402807
7590,69.0,1962,876,936,1962,8,1,4,1,264,12.040614105490253
8967,60.0,1920,1077,0,1950,6,1,2,1,338,11.112462823634855
8125,65.0,2006,1112,438,2007,7,1,2,2,438,12.392556361841775
14963,38.0,1996,1288,0,1996,4,1,1,2,500,12.411056299528171
8767,65.0,2005,1310,0,2005,6,1,3,2,400,12.013646205940514
10200,60.0,1940,672,0,1997,4,1,2,1,240,11.58989576532275
12090,93.0,1998,1165,1098,1998,10,1,4,2,420,12.460718739865236
10364,70.0,1995,806,766,1996,7,1,3,2,373,12.031725210748633
9991,70.0,1976,1620,0,1993,8,1,3,2,490,11.918397239722838
10480,51.0,1936,1166,0,1950,6,1,3,1,240,11.652696102959752
15576,63.0,1915,840,840,1976,8,1,4,1,308,12.08391066125752
14154,109.0,2006,1071,1101,2006,9,1,3,3,947,12.54254845357358
10800,85.0,2007,1050,1028,2008,8,1,3,3,836,12.73596827534975
9571,68.0,1958,1276,0,1958,5,1,3,1,350,11.002116507732016
34650,100.0,1955,1056,0,1955,5,1,3,2,572,11.884495917930655
4403,70.0,2009,1478,0,2009,7,1,2,2,484,12.310437165348777
8960,56.0,1927,1028,0,1950,5,1,2,2,360,11.652696102959752
11228,59.0,1993,1080,1017,1993,9,1,3,3,678,12.337105293891872
8899,73.0,2007,1340,0,2007,6,1,3,2,396,12.106997888588934
7844,74.0,1978,672,728,1978,6,1,3,2,440,11.91505836075372
22420,86.0,1918,1370,1254,1950,10,1,4,3,864,12.384223015005311
8160,60.0,1940,756,378,1950,7,1,3,1,240,11.744045122410055
8450,65.0,1968,1056,0,1968,6,1,3,1,304,11.863589378812122
7060,78.0,1997,1344,0,1998,8,2,2,4,784,12.237091546357338
16635,70.0,1977,1602,0,2000,8,1,3,2,529,12.278397958261774
21750,100.0,1954,988,0,1954,4,1,2,2,520,11.635151947212842
9200,80.0,1998,1470,1160,1998,8,1,4,3,696,12.660331092405906
9000,72.0,1956,1196,0,1956,6,1,2,1,297,11.842236406331557
3378,60.0,1946,707,682,1992,6,1,3,1,240,11.81303746480054
12800,70.0,1989,1644,0,1989,5,1,2,2,569,12.524530013005734
8593,77.0,1957,907,0,1957,5,1,3,1,352,11.599185726610004
6762,64.0,2007,1208,0,2007,6,1,2,2,628,12.182809136284993
11457,130.0,1988,1412,0,1988,6,1,3,2,576,12.07254696717504
1680,21.0,1971,483,504,1971,4,1,2,1,264,11.355113089309976
5586,60.0,1920,1088,110,1998,7,1,4,0,0,11.2885436473206
1920,24.0,1971,765,600,1971,6,1,2,2,440,11.715874472198903
10839,100.0,1997,926,678,1998,7,1,3,2,470,12.10625783509458
1890,21.0,1972,630,0,1972,3,1,1,0,0,11.302216779257382
10667,43.0,1996,827,834,1996,6,1,3,2,550,12.264346270624156
4400,40.0,1920,734,384,1950,6,1,2,2,440,11.661354090741
6000,50.0,1926,904,0,2004,4,1,2,1,180,11.686887175419702
4280,40.0,1913,694,0,2002,4,1,2,1,352,11.411457364027743
12354,67.0,1920,684,512,2000,7,1,3,2,528,11.60824473564232
15431,105.0,2008,2402,0,2008,10,1,2,3,672,13.22672519452875
12108,92.0,1955,1440,0,1955,8,2,4,0,0,11.678448377988165
6240,52.0,1930,1128,445,1992,8,1,3,2,360,12.000897933306716
3922,53.0,2006,1258,0,2007,6,1,2,3,648,12.058158312538197
8750,70.0,1994,933,975,1995,8,1,4,2,493,12.25486757159303
9855,73.0,1956,1689,0,1956,7,1,3,2,480,11.755879486687116
16492,137.0,1966,1888,0,2002,6,1,2,2,578,12.154784614286667
11214,70.0,1998,956,930,1999,10,1,4,2,431,12.20557752297723
8600,50.0,1937,780,596,1950,7,1,3,1,198,11.691080018519528
6000,50.0,1948,679,504,2002,6,1,2,1,308,11.695255355062796
5684,70.0,1930,813,0,2005,5,1,2,1,270,11.60824473564232
70761,62.0,1975,1533,0,1975,5,1,2,2,576,12.54254845357358
9303,70.0,1996,888,868,1997,7,1,3,2,422,12.225880174775122
9000,75.0,2008,786,804,2008,6,1,3,2,676,12.25486757159303
9297,63.0,1976,1728,0,1976,8,2,4,2,560,12.144202560946876
9600,80.0,1973,1242,0,1973,6,1,3,2,528,12.075400019877522
4571,34.0,1916,624,720,1950,7,1,4,3,513,11.49273296168228
53227,70.0,1954,1663,0,1994,6,1,2,2,529,12.45293662970407
5100,70.0,1925,833,833,1996,7,1,3,1,228,11.989165855127435
7015,70.0,1950,979,224,1950,5,1,3,1,352,11.60824473564232
8004,75.0,2009,832,1103,2009,8,1,3,2,552,12.481565733211925
7200,60.0,1936,575,560,2007,6,1,3,2,576,11.951186847493476
8281,60.0,1965,864,0,1965,5,1,3,1,360,11.04106411122238
11988,74.0,1934,849,811,1995,6,1,3,1,240,12.147919030759663
8430,60.0,1978,1040,0,1978,5,1,3,0,0,11.728044909070784
3072,70.0,2004,1414,0,2004,6,1,2,2,398,12.093693109638318
10628,85.0,1970,1277,0,1970,5,1,2,2,526,12.025755079404917
9480,79.0,1942,888,756,1995,7,1,3,1,312,11.89478753335453
11428,98.0,2006,1634,0,2006,7,1,3,3,866,12.429220196836384
9291,76.0,1993,832,878,1993,7,1,3,2,506,12.138869243416009
6820,70.0,1985,1502,0,1985,4,1,1,2,528,12.264346270624156
11952,92.0,1977,1161,808,1977,8,1,3,2,534,12.154784614286667
3675,35.0,2005,1072,0,2005,5,1,2,2,525,11.904974309480185
14977,110.0,2006,1976,0,2007,7,1,2,3,908,12.994532278619134
5330,41.0,2000,1652,0,2000,6,1,2,2,499,12.433212202169727
8480,80.0,1963,970,0,1963,5,1,2,2,624,11.794345471549745
13125,75.0,1997,1493,0,1998,7,1,3,2,508,12.249615734512616
13693,105.0,2006,2069,574,2006,9,1,3,3,694,12.847929163278051
10637,79.0,2007,1718,0,2008,7,1,3,3,826,12.601490784782536
5925,50.0,1937,1131,0,2000,7,1,2,2,672,11.401681006153428
16033,98.0,2004,1850,0,2005,8,1,3,3,772,12.694655727828804
11846,72.0,2003,1792,0,2004,6,1,2,3,874,12.832013750189883
2500,50.0,1915,916,910,2005,7,1,4,1,164,11.951186847493476
4500,32.0,1998,1216,0,1998,5,1,2,2,402,12.00762780434872
7758,70.0,1962,999,0,2001,6,1,3,1,264,11.794345471549745
9600,80.0,1950,1113,0,2007,5,1,3,1,264,11.898194668458824
10289,79.0,1965,1073,0,1965,6,1,3,2,515,11.95761769646754
12243,70.0,1971,1484,0,1971,7,1,3,2,487,12.07254696717504
10800,60.0,1900,1766,648,1970,10,2,3,2,520,11.982935344196433
1526,21.0,1970,630,0,2002,3,1,1,1,286,11.362114203075018
2665,70.0,1976,616,688,1976,4,1,3,1,336,11.652696102959752
9490,79.0,1941,958,620,1950,5,1,3,1,240,11.798111925972618
15578,105.0,2006,728,728,2006,8,1,3,2,429,12.059809113551395
7931,70.0,1960,1269,0,1960,6,1,3,1,308,11.951186847493476
5784,50.0,1938,886,0,1996,4,1,2,1,273,11.421917019425596
7879,60.0,1920,720,0,1950,4,1,2,0,0,10.460270761075147
12692,70.0,1992,3228,0,1993,10,1,4,2,546,12.971542813248435
9120,60.0,1925,1133,687,1950,8,1,4,1,240,12.122696471358964
7800,65.0,1967,899,0,2004,5,1,3,1,288,11.775297421715829
7535,70.0,1958,912,0,1985,5,1,2,1,297,11.695255355062796
1890,21.0,1973,672,546,1973,7,1,3,1,264,11.635151947212842
9803,75.0,2005,866,902,2005,7,1,3,2,603,12.331387247601905
9170,70.0,1965,1214,0,1965,6,1,2,2,461,11.849404844423074
15602,100.0,1959,1801,0,1997,6,1,1,2,484,12.574185427296197
2308,24.0,1974,855,467,1974,6,1,3,2,440,11.898194668458824
7596,60.0,1952,960,1000,1952,10,2,4,2,400,11.732069026983156
9554,80.0,1993,1065,846,1994,8,1,3,2,471,12.278397958261774
7862,75.0,2009,1218,0,2009,4,1,2,2,676,12.246739428005665
9600,60.0,1928,689,689,2005,7,1,3,2,360,11.989165855127435
9600,80.0,1959,1041,0,1959,6,1,3,1,270,11.732069026983156
14559,75.0,1951,1363,0,2000,6,1,2,1,288,12.013100572810686
6792,40.0,2005,1368,0,2006,6,1,2,2,474,12.2193145828011
9100,70.0,1958,864,0,1958,5,1,3,2,624,11.774527900858468
9187,71.0,1983,1080,0,1983,5,1,3,2,484,11.80560254159177
10594,55.0,1926,789,0,1950,5,1,2,1,200,11.477308649967686
12220,94.0,2009,2020,0,2009,9,1,3,3,900,12.90634935052389
10448,70.0,1972,1378,741,1972,7,1,3,2,583,11.970356641103
10208,79.0,1996,1277,1067,1997,7,1,3,3,889,12.487488878546143
9531,70.0,1998,882,914,1998,7,1,3,2,546,12.259618151783464
10918,53.0,1926,1276,804,2004,9,1,3,1,282,12.36308066783498
10800,60.0,1900,694,600,2000,7,2,3,0,0,11.57355949850708
11988,90.0,1957,1244,0,1957,6,1,3,1,336,11.918397239722838
5000,50.0,1947,1004,660,1950,7,1,3,2,420,11.976665770490769
40094,130.0,2007,3138,1538,2008,11,1,3,3,884,12.126764251515691
11787,95.0,1996,1383,1015,1997,8,1,3,3,834,12.662709207270272
7500,62.0,2005,1266,0,2005,6,1,3,2,453,12.07824495582233
13300,70.0,1956,928,0,2000,4,1,2,1,252,11.790564777297387
14948,67.0,2008,1476,1237,2008,11,1,3,3,858,13.00866150247074
9098,58.0,1920,605,0,2002,5,1,2,0,0,11.362114203075018
32668,70.0,1957,2515,0,1975,9,2,4,2,484,12.209192772866418
10200,85.0,1988,1509,0,1989,5,1,3,2,600,12.07254696717504
6155,60.0,1920,751,611,1999,6,1,3,2,502,11.759793355371237
7200,60.0,1955,827,0,2007,5,1,2,1,392,11.58525542883217
5000,50.0,1946,334,0,1950,2,1,1,0,0,10.579005242826248
9056,74.0,2004,707,707,2004,6,1,3,2,403,12.08954444723597
7000,70.0,1910,820,527,1991,5,1,3,0,0,11.58525542883217
8924,57.0,1998,880,844,1999,8,1,3,2,527,12.144202560946876
12735,70.0,1972,864,0,1972,5,1,3,2,576,11.619544188752132
11553,70.0,1968,1159,0,1968,7,1,3,1,336,11.970356641103
11423,70.0,2001,1601,0,2002,6,1,3,2,670,12.513561021741964
14601,85.0,2006,1838,0,2006,8,1,2,3,765,12.660331092405906
11000,70.0,2000,997,1288,2000,8,1,4,3,648,12.421188057397057
10140,78.0,1998,1680,0,1999,7,1,3,2,583,12.2702251546747
4058,34.0,1998,767,0,1998,4,1,1,1,367,11.798111925972618
17104,58.0,2006,664,832,2006,7,1,3,2,426,12.098854850641
13837,70.0,1988,1377,806,1988,9,1,4,3,786,12.34148164933907
8737,70.0,1923,915,720,1950,6,1,3,2,440,12.25486757159303
7244,54.0,1970,768,0,1970,5,1,2,2,624,11.771443882099636
8235,49.0,1955,825,0,1995,4,1,2,2,720,11.736077016252436
9375,75.0,2003,912,1182,2004,8,1,4,2,615,12.479913113434042
4043,53.0,1977,1069,0,1977,4,1,2,2,440,11.849404844423074
6000,50.0,1957,928,0,1957,5,1,3,1,288,11.630717389475995
11146,87.0,2006,1717,0,2006,7,1,3,3,908,12.45098160251256
8777,67.0,1949,1126,0,2003,5,1,2,2,520,11.58989576532275
10625,85.0,2003,1006,1040,2004,8,1,3,3,871,12.556733038263904
6380,58.0,1922,1048,0,1950,5,1,2,1,280,11.635151947212842
14850,69.0,1957,1092,0,1957,6,1,2,1,299,11.856522261533735
11040,60.0,1920,897,439,1950,7,1,3,1,570,11.58989576532275
21872,57.0,1996,729,717,1997,6,1,3,2,406,12.07254696717504
3196,70.0,2003,1557,0,2004,7,1,2,2,420,12.36308066783498
11341,70.0,1957,1392,0,1996,5,1,3,2,528,11.707677772181546
10010,77.0,1974,1389,0,1975,6,1,2,2,418,12.04355959836804
13907,63.0,1940,996,0,1969,6,1,3,0,0,11.58989576532275
21780,66.0,1918,1163,511,1950,8,1,4,2,396,12.128116509451258
13346,70.0,1992,1166,1129,2000,9,1,4,2,590,12.498745990829317
6858,66.0,1915,841,806,1950,6,1,4,1,216,11.759793355371237
11198,77.0,2005,1134,1370,2007,11,1,4,3,656,12.691583538230216
10171,70.0,2004,1535,0,2004,7,1,3,2,532,12.273735966890268
12327,79.0,1983,1496,636,2009,5,1,1,2,612,12.665397584983758
7032,70.0,1979,943,0,1979,4,1,2,2,600,11.820123358887448
13101,74.0,1965,1728,0,1965,10,2,6,2,576,11.867805799560465
7332,60.0,1959,864,0,1959,4,1,2,1,288,11.695255355062796
13159,83.0,2009,846,846,2009,6,1,3,2,650,12.32163544049751
9967,76.0,2000,774,656,2000,8,1,3,2,400,12.04355959836804
10500,70.0,1971,576,533,2005,5,1,3,1,288,11.842236406331557
8480,80.0,1947,832,384,1950,6,1,2,1,336,11.682676678340282
6292,52.0,1928,877,600,1950,6,1,3,1,216,11.884495917930655
11777,96.0,1966,1320,0,1966,6,1,3,2,564,12.010671928196444
3604,34.0,2007,703,689,2007,5,1,2,2,540,11.891368749982083
12150,81.0,1954,1050,745,1954,7,1,4,1,352,11.78676973513378
14585,70.0,1960,1429,0,1987,7,1,3,2,572,12.111217862017217
12704,98.0,2008,2042,0,2009,8,1,3,3,1390,12.442306148381938
11841,81.0,1990,816,0,1990,5,1,3,0,0,11.682676678340282
13500,75.0,1893,1521,1254,2000,9,1,3,2,880,12.691583538230216
6120,51.0,1935,989,584,1995,6,1,3,1,240,11.798111925972618
11443,88.0,2005,2028,0,2006,7,1,2,3,880,12.820990681250253
10267,55.0,1918,838,0,2000,5,1,2,1,275,11.775297421715829
8740,74.0,1982,860,0,1982,4,1,2,2,528,11.827743504053696
25095,65.0,1968,1473,0,2003,5,1,1,1,452,11.870606902224589
9100,50.0,1930,779,0,1960,4,1,2,1,308,11.283524879179666
8320,64.0,2004,770,812,2004,6,1,3,2,520,12.132969552931216
13478,97.0,2008,1728,568,2008,10,1,3,3,842,13.02132904585825
6600,60.0,1982,816,0,2003,4,1,2,2,816,11.8350162104899
4435,70.0,2003,848,0,2003,4,1,1,2,420,11.849404844423074
7990,88.0,1975,924,0,1975,5,1,3,1,280,11.60824473564232
11302,69.0,2005,1826,0,2006,7,1,3,3,758,12.672949516558306
3600,60.0,1910,684,684,1993,7,1,3,1,216,11.648373769145277
3922,53.0,2006,1402,0,2007,7,1,2,3,648,12.176654133447505
12984,80.0,1977,1647,0,1977,7,1,3,2,621,12.289958727201457
1950,24.0,1980,716,840,1980,6,1,3,2,452,11.92504173829169
10927,74.0,2005,1058,846,2005,8,1,3,2,736,12.524530013005734
9000,50.0,1937,780,595,1950,6,1,3,1,544,11.856522261533735
10041,80.0,1992,927,988,1992,8,1,3,2,506,12.301387370778713
3182,30.0,2004,600,600,2005,4,1,2,2,480,11.92504173829169
12803,88.0,2002,1494,0,2002,6,1,3,2,530,12.30592250537653
13600,85.0,1965,1186,800,1990,7,1,3,2,486,12.230770136157428
12464,82.0,1996,1040,0,1996,6,1,3,2,576,11.93164237875414
7800,78.0,1948,1112,896,2002,8,1,3,1,230,12.323860125621126
12168,78.0,1934,1940,1254,1998,10,1,4,2,380,12.791358964949923
7943,61.0,1961,1029,0,1961,5,1,3,1,261,11.682676678340282
11050,70.0,2000,1476,677,2000,8,1,3,3,736,12.653961664405363
10395,70.0,1978,1032,0,1978,6,1,3,2,564,11.904974309480185
11885,70.0,2001,1299,573,2001,7,1,3,2,531,12.47419338657158
8402,70.0,2007,1120,0,2007,6,1,3,0,0,11.898194668458824
1491,21.0,1972,630,0,1972,3,1,1,0,0,11.231901180182517
8800,80.0,1963,1054,0,1963,6,1,3,2,480,11.83138646878959
7861,70.0,2002,807,702,2003,7,1,3,2,393,12.118339189722551
7227,59.0,1954,832,0,1954,4,1,2,2,528,11.56647571052632
11694,90.0,2007,1828,0,2007,9,1,3,3,774,12.659737267217572
12244,85.0,2003,1482,780,2003,10,1,4,3,749,12.628070334272698
8248,45.0,1914,864,0,1950,5,1,2,0,0,11.112462823634855
10800,90.0,1974,1548,1066,1997,9,1,4,2,624,12.388398368982116
7064,71.0,1977,980,0,1977,6,1,3,2,484,11.81303746480054
2117,70.0,2000,756,756,2000,4,1,2,2,440,12.034696963475044
10400,80.0,1972,1012,778,1972,8,1,4,2,484,12.014615485902029
10000,87.0,1962,1116,0,1962,5,1,3,2,440,11.982935344196433
12342,70.0,1960,1422,0,1978,6,1,3,1,286,11.848690308590855
9600,80.0,1955,1520,0,1972,7,1,3,1,364,11.938199736300923
11606,70.0,1969,1040,1040,1969,9,1,5,2,504,11.81303746480054
9020,82.0,1964,1350,0,1964,6,1,3,2,520,12.034696963475044
9000,50.0,1880,1089,661,1991,8,1,3,1,240,11.728044909070784
4590,34.0,2006,1554,0,2006,6,1,2,2,627,12.252483791602629
11900,85.0,1977,1411,0,1977,6,1,3,2,544,11.320565693461432
9250,80.0,1954,1056,0,2005,6,1,3,1,260,11.84510995088398
6979,64.0,1980,1056,0,1980,4,2,0,2,576,11.87757552297847
10896,60.0,1914,1440,1440,1995,14,2,8,0,0,12.206077645517674
6120,51.0,1936,800,0,1950,4,1,1,0,0,11.002116507732016
6000,50.0,1954,811,576,1954,7,2,3,1,256,11.440365524765756
8777,67.0,1910,796,0,1950,4,1,2,0,0,11.350418300109132
3982,53.0,2006,1567,0,2006,7,1,1,3,648,12.485830907348902
12677,62.0,2003,1518,0,2004,6,1,1,2,588,12.520887034998584
7050,70.0,2001,1057,872,2001,7,1,3,2,650,12.328294703023394
13860,75.0,1972,2000,704,1995,9,1,4,2,538,12.75130259456002
10793,80.0,1969,780,840,1969,7,1,4,2,462,11.93164237875414
9187,85.0,2009,1766,0,2009,7,1,2,3,478,12.823631142839984
10530,70.0,1971,981,0,1971,5,1,3,2,576,11.872353615355411
7200,60.0,1950,1048,0,1950,7,1,3,2,420,11.495789479023491
10452,85.0,1953,1094,0,1953,5,1,3,2,495,11.951186847493476
7700,70.0,1966,1051,788,1966,7,1,4,2,442,11.951186847493476
1936,21.0,1970,630,0,1970,3,1,1,0,0,11.344518647594766
8125,65.0,2007,822,843,2007,7,1,3,2,562,12.235393555399902
9084,60.0,1940,755,755,1950,7,1,4,1,296,11.58989576532275
8750,70.0,1996,909,807,1996,7,1,2,2,512,12.160033942617156
10320,60.0,1906,756,713,1995,7,1,3,1,216,11.81303746480054
10437,91.0,1995,2113,0,1995,7,1,2,3,839,12.765691290604371
1680,21.0,1971,525,567,1971,6,1,3,1,264,11.38510345703214
10007,72.0,1959,1053,0,2006,5,1,3,1,312,11.8879382384223
7200,60.0,1931,851,651,2000,6,1,3,1,270,11.91170829631447
17503,78.0,1948,912,546,1950,6,1,3,1,330,11.487617913343598
9937,75.0,1964,1486,0,1999,7,1,3,2,480,12.025755079404917
12384,70.0,1976,1142,793,1976,7,1,3,2,550,12.19552218463499
46589,52.0,1994,1686,762,2005,8,1,4,3,711,12.904209855160254
13560,120.0,1968,1392,0,1968,5,1,2,2,576,11.60824473564232
10012,90.0,1972,1181,0,1972,6,1,3,2,588,11.83138646878959
20896,49.0,2005,2097,0,2006,8,1,1,3,1134,12.955129822091816
11194,106.0,2000,1454,482,2000,7,1,3,2,504,12.348010479804223
18450,70.0,1965,1465,915,1979,7,1,3,2,596,11.767575435251748
8125,65.0,1994,1679,0,1998,7,1,3,2,575,12.173037959397275
14175,70.0,1956,1437,0,1987,6,1,3,2,576,12.031725210748633
11600,80.0,1922,1180,0,1950,5,1,2,1,252,11.83138646878959
8633,64.0,2005,738,738,2005,7,1,3,2,540,12.0639386420412
6629,54.0,1925,697,672,1950,6,1,3,1,300,11.548302261270589
11250,70.0,1977,1208,0,1977,6,1,3,2,546,12.013706813470414
14442,110.0,1957,1839,0,2004,7,1,3,2,416,12.458778882573531
9200,80.0,1965,1136,0,1965,5,1,3,1,384,11.849404844423074
2289,24.0,1978,855,586,1978,7,1,3,2,440,11.908346971208951
9600,60.0,1900,1095,679,1950,8,2,4,3,779,11.373674891823535
9022,52.0,1924,792,0,2006,5,1,2,1,240,11.603688960617085
11844,80.0,2008,2046,0,2008,7,1,3,3,834,12.827995001361906
9945,70.0,1961,988,0,1961,5,1,3,2,572,11.7636919653883
8012,50.0,1980,923,0,1980,5,1,2,1,264,11.870606902224589
4500,55.0,1932,848,672,2000,6,1,3,1,281,11.979391594635793
2887,70.0,1996,1291,0,1997,6,1,2,2,431,12.06105265381003
11248,90.0,2002,1668,0,2002,7,1,3,3,702,12.560247968016562
16770,58.0,1998,1195,644,1998,7,1,4,2,486,12.30592250537653
5062,70.0,1984,1190,900,1984,6,1,3,2,577,12.242891437918386
10207,84.0,2007,874,887,2007,7,1,3,2,578,12.336556900342153
5105,70.0,2004,551,551,2004,4,1,2,2,480,11.910365121788654
8089,60.0,2007,1419,0,2007,7,1,2,2,567,12.879019669789754
7577,61.0,2005,1362,0,2006,6,1,2,2,460,12.179220327453931
4426,70.0,2004,848,0,2004,3,1,1,2,420,11.856522261533735
21535,104.0,1994,2444,1872,1995,10,1,4,3,832,13.534474352733596
26178,42.0,1989,1238,1281,1990,9,1,4,2,628,12.721888795877376
5400,60.0,1921,1073,0,1968,4,1,2,1,326,11.59433032142082
6120,51.0,1936,1067,472,1950,5,1,3,2,576,11.860062063178267
13811,54.0,1987,1137,0,1987,5,1,2,2,551,12.07824495582233
6000,50.0,1921,616,0,1950,4,1,2,1,205,11.39640288460621
6420,57.0,1952,1148,0,1952,6,1,2,1,308,11.72400453218338
8450,65.0,1965,894,0,2009,5,1,3,1,336,11.83863282480007
4282,59.0,2004,1391,0,2004,5,1,2,2,530,12.185875040240456
14331,85.0,2002,1800,0,2002,7,1,3,3,765,12.652362948153474
9600,80.0,1969,1164,0,1969,6,1,3,2,528,11.849404844423074
12438,82.0,2006,1264,1312,2006,10,1,4,3,666,12.799178471909892
7630,76.0,1900,1032,780,1996,8,2,4,2,672,11.849404844423074
8400,70.0,2004,1484,0,2005,7,1,3,2,606,12.269052139516225
5600,70.0,1930,372,720,1950,7,2,3,0,0,10.915106645867503
115149,70.0,1971,1824,0,2002,5,1,2,2,739,12.618185607609805
6240,48.0,2006,1324,0,2006,6,1,2,2,550,12.445093483000798
9018,65.0,2007,728,728,2007,8,1,3,2,400,12.09815887308463
7162,70.0,1966,904,0,1966,6,1,3,1,408,11.60733523953139
4130,56.0,1935,729,0,2003,5,1,2,0,0,10.859018228147889
8712,66.0,1900,859,319,1950,7,1,2,1,384,11.54031687156214
4671,40.0,1988,1228,0,1989,5,1,2,2,472,12.149507585033072
9873,60.0,1970,960,0,1970,6,1,3,2,576,11.767575435251748
13517,70.0,1976,725,754,2005,6,1,3,2,475,11.779136168550774
10140,78.0,1974,1350,0,1974,7,1,3,2,478,12.013706813470414
10800,60.0,1890,1576,978,1998,8,1,3,2,704,11.979805470779858
10000,80.0,1973,1178,0,2000,5,1,3,2,439,11.964007453736912
10542,96.0,1993,1325,1093,1994,9,1,3,3,983,12.739640688812674
9920,69.0,1969,971,0,1969,5,1,3,1,300,11.7636919653883
6563,70.0,1985,1742,0,1985,5,1,2,2,564,12.524530013005734
4426,70.0,2004,848,0,2004,3,1,1,2,420,11.870606902224589
8120,70.0,1970,864,0,1970,5,1,3,2,463,11.732069026983156
8172,60.0,1954,997,473,1972,7,1,4,1,548,11.81303746480054
13286,86.0,2007,1698,0,2008,8,1,3,3,768,12.676079399771028
6960,60.0,1970,864,0,1970,5,1,3,2,660,11.6994133306336
21695,70.0,1988,1680,0,2007,5,1,3,2,540,12.310437165348777
7314,64.0,2007,1232,0,2007,6,1,2,2,632,12.178192583415596
11475,85.0,1958,1776,0,1958,9,2,4,3,888,11.60824473564232
6240,52.0,1925,848,0,1950,5,1,2,2,539,11.542493975902508
5389,39.0,1995,1616,0,1996,5,1,2,2,608,12.373707715234994
9590,73.0,2003,1146,0,2003,6,1,3,2,438,12.141539457711714
11404,75.0,1998,1153,878,1999,8,1,3,2,541,12.312686874960354
10000,80.0,1961,1144,0,1983,6,1,3,1,264,11.786008995353765
8978,70.0,1968,948,0,1968,6,1,3,1,300,11.58989576532275
10800,60.0,1914,880,888,1970,6,1,2,2,320,12.001511614739403
8544,60.0,1950,1040,0,1950,6,2,2,2,400,11.445727410406752
10463,72.0,2005,901,900,2005,8,1,3,3,800,12.3879816172226
10800,60.0,1987,1200,0,1988,5,1,3,0,0,12.095146671399466
9313,65.0,2004,864,864,2004,7,1,3,2,572,12.154784614286667
9600,60.0,1910,768,664,2002,7,1,2,2,360,11.790564777297387
6768,65.0,1961,912,0,1996,5,1,3,1,288,11.863589378812122
8450,65.0,2000,1349,0,2001,6,1,3,2,539,12.095146671399466
12886,70.0,1963,1464,0,1999,6,1,3,2,480,12.07254696717504
5395,41.0,1993,1337,0,1993,5,1,2,2,462,12.100717685412471
8963,70.0,1976,1175,1540,1996,11,1,4,2,831,12.61087420020211
8795,70.0,2000,980,1276,2000,8,1,4,2,554,12.371591321286903
11700,65.0,1880,1320,1320,2003,8,1,4,4,864,12.491176396967154
10593,59.0,1996,1720,0,1996,7,1,3,2,527,12.469978029554952
8405,50.0,1945,1088,441,1950,9,1,4,1,240,11.49273296168228
8800,55.0,1910,792,348,2004,7,1,3,0,0,11.477308649967686
7750,70.0,2003,660,660,2003,6,1,3,2,400,11.995357787034976
9236,79.0,1997,1494,0,1997,6,1,3,2,576,12.28765724080691
10240,80.0,2005,1038,1060,2005,8,1,3,3,878,12.526346537332584
7930,61.0,1969,1026,0,2005,5,1,3,2,440,11.95761769646754
3230,34.0,1999,742,729,1999,6,1,3,2,440,12.058158312538197
10769,68.0,2007,866,902,2007,7,1,3,2,578,12.264346270624156
11616,70.0,1978,672,714,1978,6,1,3,2,440,11.97603664577121
2280,24.0,1999,757,744,1999,6,1,3,2,440,12.097378802727306
12257,65.0,1995,1328,1203,1995,9,1,4,3,752,12.577639650232571
9100,70.0,1959,864,0,1959,5,1,2,1,300,11.755879486687116
6911,60.0,1924,1301,0,1950,5,1,2,2,440,11.51293546492023
8640,72.0,2009,764,783,2009,7,1,3,2,614,12.279327754099118
9430,82.0,1999,1268,1097,1999,8,1,3,3,856,12.727841176689148
9549,30.0,1995,1494,0,1996,6,1,2,2,481,12.506180941677355
14587,75.0,2008,1506,0,2008,6,1,2,2,592,12.484208043148731
10421,80.0,1988,980,734,1988,7,1,3,2,496,12.188422799337028
12508,75.0,1940,983,767,1985,7,1,4,1,423,11.982935344196433
9100,70.0,2004,1836,0,2005,8,1,3,2,484,12.28690580994122
53504,47.0,2003,1690,1589,2003,12,1,4,3,841,13.195615697878251
7252,70.0,1982,858,0,1982,5,1,2,2,576,11.812296455066814
8877,67.0,1951,1220,0,1951,6,1,2,2,396,11.53273789613992
7819,94.0,1976,1117,0,1976,6,1,3,2,672,11.580593459194764
10150,70.0,1958,912,0,1958,5,1,2,1,275,11.648338835562749
14226,110.0,2006,1973,0,2006,9,1,3,3,895,12.886643575525625
4500,32.0,1998,1204,0,1998,5,1,2,2,412,11.995357787034976
11210,86.0,2005,1614,0,2006,7,1,3,3,865,12.308182383129823
13350,100.0,1974,894,0,1974,5,1,3,2,440,11.86710429621008
8400,60.0,1977,2020,0,1977,10,2,4,2,630,11.87757552297847
10530,78.0,1977,1004,0,1977,4,1,2,2,504,11.81303746480054
7875,63.0,1995,1253,0,1996,6,1,3,2,402,12.07824495582233
7153,65.0,1992,810,793,1992,7,1,3,2,484,12.077676615757811
16285,67.0,2001,1430,0,2002,6,1,3,2,605,12.139403856983334
9101,70.0,1978,1110,0,1978,4,1,1,2,602,12.016732516077072
6300,35.0,1914,742,742,2001,9,1,3,0,0,11.759793355371237
9790,70.0,1967,1342,0,1967,7,1,3,2,457,11.992266613576142
10800,60.0,1915,966,686,1950,7,1,4,1,416,11.842236406331557
10142,76.0,2004,956,1128,2004,8,1,4,2,618,12.358798024384122
6000,50.0,1954,901,0,2000,4,1,2,1,281,11.588969419043872
12205,70.0,1966,976,1111,2007,9,1,5,2,444,12.141539457711714
3182,43.0,2005,1145,0,2006,5,1,2,2,397,11.984184555794169
11333,70.0,1976,1062,0,1976,5,1,3,2,539,11.896833207128452
9920,92.0,1996,1127,886,1997,8,1,3,2,455,12.505402864156403
9158,76.0,2007,1496,0,2007,7,1,3,2,474,12.323860125621126
10832,70.0,1994,1086,809,1996,7,1,3,2,409,12.178192583415596
8400,70.0,1980,888,676,1981,7,1,3,2,476,12.049424683420916
8197,71.0,1977,1285,0,1977,7,1,3,2,528,11.874097282798648
7677,57.0,1953,773,0,1953,4,1,2,1,240,11.60824473564232
13518,104.0,2008,1966,1174,2009,11,1,4,3,820,13.091906231773164
7200,60.0,1937,981,787,1950,7,1,3,1,240,12.07254696717504
12798,79.0,1997,616,1072,1997,8,1,4,2,603,12.206077645517674
4800,40.0,1916,1196,0,1990,5,1,2,2,440,11.60733523953139
8199,63.0,2005,728,728,2005,7,1,3,2,410,12.149507585033072
13891,107.0,2008,1734,1088,2009,12,1,4,3,1020,13.275829251377
9000,75.0,1954,1128,0,1954,5,1,2,1,286,11.678448377988165
12274,91.0,2008,1428,0,2008,6,1,3,2,554,12.335700805443338
9750,75.0,1967,980,0,1967,6,1,3,1,384,11.81673429934846
21384,144.0,1923,1072,504,2004,6,1,3,2,528,12.317171167298682
13400,85.0,1966,1086,0,1966,6,1,3,2,484,11.982622797311857
8100,90.0,1898,1075,1063,1965,11,3,2,2,360,11.571203807011967
10140,78.0,1974,1309,0,1999,5,1,3,2,484,12.10625783509458
4438,70.0,2004,848,0,2004,4,1,1,2,420,11.881041706925902
8712,66.0,1952,1044,0,1952,4,1,2,2,504,10.932999821119935
9750,75.0,1958,1442,0,1958,7,1,4,1,301,11.969723533345908
8248,45.0,1918,686,564,1950,7,1,3,1,280,11.661354090741
12137,48.0,1998,1661,0,1998,6,1,3,2,598,12.323415584358154
11425,70.0,1954,1008,0,1954,4,1,2,1,275,11.827743504053696
13265,70.0,2002,1689,0,2002,7,1,3,3,857,12.509877789891933
8816,80.0,1971,1052,0,1971,6,1,3,2,440,11.951186847493476
6371,44.0,2009,1358,0,2010,6,1,2,2,484,12.319405795112926
7226,72.0,2003,798,842,2003,6,1,3,2,595,12.117246896289505
6000,60.0,1953,936,0,1953,4,1,2,2,576,11.440365524765756
12394,70.0,2003,847,886,2003,7,1,3,2,433,12.323860125621126
9900,60.0,1940,944,545,1950,7,1,3,1,240,11.845827048676645
11216,81.0,2006,1489,0,2006,7,1,3,2,776,12.357079818283598
14803,114.0,2007,2084,0,2008,7,1,2,3,1220,12.861001210669146
6130,50.0,1924,784,0,1950,5,1,2,0,0,11.603688960617085
8529,65.0,2001,1434,0,2001,6,1,3,2,527,12.149507585033072
28698,70.0,1967,1160,966,1967,7,1,3,2,538,12.128116509451258
2544,24.0,2005,520,623,2005,4,1,2,2,480,11.900912042974875
11900,80.0,1957,1392,0,1957,6,1,3,2,458,12.01974909141692
3180,30.0,2005,520,600,2005,4,1,2,2,480,11.92504173829169
9548,44.0,2003,941,888,2003,7,1,3,2,613,12.37581963951765
10004,100.0,1964,1516,0,1964,6,1,3,2,472,12.025755079404917
7875,75.0,1961,1144,0,1961,6,1,3,2,456,11.849047640327148
9600,60.0,1950,1067,0,1995,4,1,2,2,436,11.759793355371237
8100,90.0,1948,1559,0,1973,5,1,2,2,812,11.941462360646147
1680,21.0,1973,483,504,1973,5,1,2,1,264,11.51293546492023
9525,75.0,1995,1099,0,2006,6,1,3,1,352,11.87757552297847
11767,70.0,1946,768,432,1995,6,1,3,1,240,11.779136168550774
12155,70.0,1925,810,672,1950,7,1,4,1,400,11.849404844423074
10440,60.0,1904,958,581,2002,8,1,3,2,686,11.967187086434018
9020,82.0,1966,1165,0,1966,6,1,3,2,490,12.071975378543236
8000,80.0,1961,1800,0,1961,10,2,6,0,0,11.856522261533735
12665,100.0,1915,876,540,1950,7,1,4,3,720,11.944064817531656
16647,70.0,1975,1701,0,1981,6,1,3,2,611,12.049424683420916
9317,75.0,1993,1006,769,1993,7,1,3,2,425,12.269052139516225
15523,36.0,1972,864,0,1972,5,1,3,1,338,11.80186424743109
45600,75.0,1908,1307,1051,1997,10,1,5,2,360,12.388398368982116
9600,80.0,1976,1094,761,1994,7,1,3,2,512,12.138869243416009
4435,36.0,2003,848,0,2003,3,1,1,2,420,11.78676973513378
3196,70.0,2003,1456,0,2003,7,1,2,2,400,12.278397958261774
7128,53.0,1941,918,728,1950,7,1,4,1,240,12.00762780434872
12095,70.0,1964,1445,0,1964,7,1,3,2,645,11.970356641103
17920,102.0,1955,1779,0,1974,6,1,3,2,454,12.04355959836804
6897,70.0,1962,1040,0,2010,6,1,3,1,260,11.751950239425476
10970,70.0,1978,1026,0,1978,5,1,3,2,576,11.898194668458824
8125,65.0,1994,702,779,1995,6,1,3,2,343,12.066816325306588
10400,80.0,1976,1370,0,1976,6,1,3,2,479,11.93164237875414
11029,70.0,1968,1512,1142,1984,9,1,4,2,619,12.429220196836384
7642,55.0,1918,912,514,1998,7,1,3,1,216,12.154521423145216
11625,75.0,1965,1039,0,1965,6,1,3,2,504,11.78676973513378
9672,81.0,1984,1097,0,1985,6,1,3,2,480,11.93164237875414
7931,70.0,1959,1148,0,1959,6,1,3,1,672,11.794345471549745
8640,72.0,2007,1372,0,2008,6,1,3,2,529,12.43153750053306
8750,70.0,1970,1002,0,1970,5,1,3,2,902,11.908346971208951
10656,67.0,2006,1646,0,2007,6,1,3,3,870,12.424810506025397
6970,85.0,1961,1120,0,1961,5,1,3,2,544,11.767575435251748
14762,70.0,1948,1547,720,1950,7,1,2,2,672,12.037659911047468
9938,80.0,1993,1062,887,1994,8,1,3,2,574,12.371591321286903
6600,60.0,1962,894,0,1962,5,1,2,1,308,11.603688960617085
8750,70.0,1998,804,878,1998,7,1,3,2,523,12.208574513247497
8892,74.0,1953,910,0,1996,5,1,3,2,414,11.661354090741
12144,60.0,1949,1036,0,1950,6,1,3,1,288,11.798111925972618
5720,52.0,1941,676,455,1950,5,1,3,1,200,11.104972264124868
9000,75.0,2007,1184,1426,2007,11,1,4,2,550,12.623064399210184
25286,94.0,1963,1040,0,1963,5,1,3,2,648,11.792456911128632
8834,74.0,2004,1462,762,2005,10,1,4,3,738,12.765691290604371
11782,88.0,1961,1155,0,1995,6,1,3,2,576,11.904974309480185
7000,70.0,1978,864,0,2005,6,1,3,1,336,11.824087219587645
7024,60.0,2005,1090,0,2006,5,1,2,2,450,11.964007453736912
13758,44.0,1990,1187,530,1991,7,1,3,2,400,12.141539457711714
9636,70.0,1992,808,785,1993,7,1,3,2,389,12.08954444723597
6204,60.0,1912,954,795,1950,10,1,5,1,440,11.682676678340282
7150,65.0,1967,892,0,1967,5,1,3,1,288,11.51293546492023
5119,50.0,1999,1709,0,2000,5,1,2,2,506,12.70351207261035
8393,70.0,1959,1712,0,2005,8,2,4,2,588,11.884495917930655
16466,59.0,1955,872,521,1955,8,1,3,1,300,11.81673429934846
15865,95.0,1970,2217,0,1970,8,1,4,2,621,12.498745990829317
12160,128.0,1953,1505,0,1953,6,1,2,2,505,11.91505836075372
8064,60.0,1949,672,252,2006,6,1,3,2,576,11.719134432217524
11184,70.0,1978,918,765,1978,7,1,3,2,440,12.058158312538197
8414,70.0,1963,1068,0,2003,6,1,3,1,264,11.9479558477909
13284,70.0,1954,1383,0,1954,6,1,3,1,354,12.013706813470414
7018,64.0,1979,1535,0,1979,8,2,4,2,400,11.685693195625964
7056,71.0,1963,983,813,1963,8,1,4,2,483,11.849404844423074
8765,50.0,1936,951,0,1950,6,1,2,1,327,11.575909653758895
7018,64.0,1979,1120,1120,1979,12,2,6,2,528,11.870278179170796
12919,100.0,2009,2364,0,2010,11,1,2,3,820,13.323928581764989
6993,65.0,1961,1236,0,1994,6,1,3,1,288,11.81303746480054
7340,70.0,1971,858,0,1971,4,1,2,1,684,11.60824473564232
8712,64.0,1957,1306,0,2000,5,1,2,1,756,11.938199736300923
7875,63.0,2003,807,702,2003,8,1,3,2,393,12.100717685412471
14859,50.0,2006,1670,0,2006,7,1,3,3,690,12.388398368982116
6173,70.0,1967,902,0,1967,6,1,3,1,288,11.74006900564972
9920,80.0,1954,1063,0,1954,6,1,3,1,280,11.759793355371237
13501,116.0,2006,1636,0,2006,8,1,3,3,865,12.449022745701502
11500,86.0,1936,1020,1037,1987,6,1,3,1,180,12.429220196836384
8885,70.0,1983,902,0,1983,5,1,2,2,484,11.78296023574194
12589,149.0,2005,742,742,2005,8,1,3,2,390,12.066816325306588
11600,80.0,1960,1105,1169,1960,12,2,5,2,480,11.946660519211653
9286,70.0,1977,1268,0,1989,5,1,3,1,252,11.874097282798648
6120,51.0,1925,1015,0,1950,6,1,3,1,450,11.38510345703214
6270,82.0,1949,1001,1001,1950,8,2,4,3,871,11.884495917930655
3000,30.0,2009,612,612,2009,4,1,2,2,528,12.065280672855897
2001,21.0,1970,546,546,1970,6,1,3,1,286,11.225256725762891
9000,50.0,1949,480,0,1950,4,1,1,1,308,10.471978128496518
17140,70.0,1956,1229,0,1956,6,1,3,1,284,11.81303746480054
13125,103.0,1991,912,1215,1991,8,1,4,3,833,12.380030154325455
11029,87.0,1958,1414,0,2002,6,1,3,2,601,12.08108182106182
8462,70.0,1994,936,785,1994,7,1,3,2,471,12.211065162153217
8777,67.0,1900,1272,928,2003,9,2,4,0,0,11.890683588496984
10237,65.0,2005,1316,0,2006,6,1,3,2,397,12.043500773454497
8012,50.0,1993,1617,0,1994,5,1,2,2,533,12.170450649220747
10240,79.0,1980,1686,0,1980,7,1,3,2,612,12.242891437918386
15611,70.0,1977,1126,0,1977,6,1,3,2,540,12.07254696717504
11999,93.0,2003,1234,1140,2004,10,1,4,3,656,12.560247968016562
9900,70.0,1968,1098,880,1968,9,1,4,2,486,12.07824495582233
11838,70.0,2001,1788,0,2001,7,1,3,2,522,12.373707715234994
13006,70.0,1997,993,1243,1997,8,1,4,2,642,12.310437165348777
8925,73.0,2007,1466,0,2007,7,1,3,3,610,12.211065162153217
9100,70.0,1965,925,0,1965,5,1,2,1,429,11.674202123168431
11670,84.0,2006,1905,0,2006,8,1,3,3,788,12.676079399771028
8487,63.0,2004,1500,0,2004,6,1,3,2,570,12.154784614286667
27650,313.0,1960,2069,0,2007,9,1,4,2,505,12.396697137361691
5825,52.0,1926,747,0,1953,5,1,1,2,528,11.2885436473206
10083,67.0,2003,1200,0,2003,5,1,2,2,555,12.127575825689416
9675,75.0,2005,1113,858,2005,8,1,3,2,689,12.441148720271016
8760,73.0,2006,1391,571,2006,7,1,3,3,868,12.387560521575551
24090,70.0,1940,1207,1196,1950,10,1,4,1,349,12.406565597924237
12640,55.0,1976,1728,0,1976,8,2,4,2,574,11.924379271639218
8755,70.0,1999,1022,1038,1999,8,1,3,2,390,12.273735966890268
7711,42.0,1977,1440,0,1977,8,2,4,0,0,11.918397239722838
25000,100.0,1967,1632,0,1967,8,2,4,2,576,11.870606902224589
14375,70.0,1958,1344,0,1958,7,1,3,2,525,11.83138646878959
8820,98.0,1890,1188,561,1996,7,1,2,2,456,11.73527670248674
8163,70.0,1959,1144,0,1959,6,1,3,1,796,11.870606902224589
14536,85.0,2002,1629,0,2003,9,1,3,3,808,12.506180941677355
14006,65.0,2002,936,840,2002,7,1,3,2,474,12.167856627501678
9360,78.0,1972,1381,0,2006,5,1,3,2,676,12.193498926601634
7200,60.0,1950,864,0,2002,5,1,3,2,720,11.767575435251748
7800,60.0,1965,965,0,1965,6,1,3,1,300,11.694421681264394
7200,60.0,1972,768,0,2003,5,1,2,1,396,11.804855999911272
11075,70.0,1969,1168,800,1969,7,1,4,2,530,12.055255569732177
9400,35.0,1975,980,0,1975,4,0,4,0,0,11.755879486687116
7136,82.0,1946,979,979,1950,8,2,4,2,492,11.884495917930655
1300,24.0,1980,561,668,1980,5,1,2,2,462,11.728044909070784
7420,70.0,1962,1057,0,1962,6,1,3,2,576,11.790564777297387
8450,65.0,2003,1337,0,2003,6,1,3,2,531,12.128116509451258
2572,24.0,1999,696,720,1999,6,1,3,2,484,11.951186847493476
7207,50.0,1958,858,0,2008,4,1,2,0,0,11.66565513564204
12227,70.0,1977,1542,1330,1995,11,1,4,2,619,12.513561021741964
2308,24.0,1976,804,744,1976,7,1,3,2,440,11.951186847493476
11923,122.0,2007,1800,0,2007,7,1,2,2,702,12.384223015005311
11316,80.0,2002,824,1070,2003,8,1,4,2,510,12.277932735946903
10237,65.0,2005,783,701,2007,8,1,3,2,393,12.094587859196112
9600,130.0,1940,976,332,1950,7,1,2,1,256,11.982935344196433
7390,70.0,1955,1098,0,1955,6,1,3,1,260,11.81303746480054
5925,50.0,1910,600,368,1950,6,1,2,0,0,10.542732775946709
10382,75.0,1958,1095,0,1958,6,1,2,1,264,11.849404844423074
10800,60.0,1949,720,472,1950,6,1,4,0,0,11.81303746480054
2268,36.0,2003,764,862,2004,6,1,2,2,474,12.06105265381003
7892,55.0,1979,918,0,1979,5,1,2,1,264,11.507922973347435
11639,95.0,2007,1428,0,2008,6,1,3,2,480,12.111767460549332
11414,60.0,1910,1136,883,1993,8,1,3,2,532,12.02874460037869
2651,70.0,2000,673,709,2000,6,1,3,2,490,12.013706813470414
5900,51.0,1923,869,0,1958,4,1,2,0,0,11.356283350762888
4274,35.0,2006,1241,0,2007,4,1,1,2,569,12.20557752297723
9450,68.0,1954,894,0,1954,5,1,3,2,400,11.60824473564232
8816,80.0,1963,1121,0,1963,5,1,3,2,480,11.842236406331557
12122,70.0,1961,999,0,2007,6,1,3,2,588,12.091789104493502
12203,98.0,1998,1276,1336,1999,8,1,4,3,676,12.724869415131389
3182,43.0,2007,1266,0,2007,6,1,2,2,388,11.982278882874375
11250,70.0,2002,1149,1141,2002,9,1,4,2,779,12.45254592991672
10125,75.0,1977,1302,432,1977,8,2,4,2,539,11.744045122410055
10880,68.0,1950,1164,0,1950,5,1,3,1,240,11.736077016252436
5310,59.0,1910,1001,634,2003,5,1,2,1,255,11.669937760751914
10159,83.0,2009,1940,0,2010,8,1,3,3,606,12.887129532148371
12046,70.0,1976,1118,912,1976,8,1,4,2,551,12.180759965737863
8125,65.0,2006,778,798,2006,6,1,3,2,614,12.190964083849376
9452,82.0,1997,1407,985,1998,7,1,3,3,870,12.759960632315702
17671,121.0,1882,916,826,1986,8,1,4,2,424,12.031725210748633
9760,80.0,1964,1020,831,1993,7,1,3,2,440,12.138869243416009
8846,68.0,2005,750,750,2006,6,1,3,2,564,12.066241450757124
12456,96.0,2006,1718,0,2007,7,1,3,3,786,12.729323752253295
4712,51.0,1946,774,456,1950,5,1,3,1,305,11.7085004721646
10659,70.0,1961,1050,0,1961,6,1,3,1,368,11.824087219587645
11717,70.0,1970,1442,0,1970,6,1,2,2,615,12.128116509451258
9786,60.0,1922,1077,0,1950,6,1,3,1,210,11.418625774449596
6762,64.0,2006,1208,0,2006,6,1,2,2,632,12.235636302128867
10206,74.0,1952,944,0,1952,4,1,2,2,528,11.31448672129398
5400,60.0,1920,691,0,1950,4,1,2,1,216,11.362114203075018
11957,75.0,2006,1574,0,2006,7,1,3,3,824,12.354496960983983
11500,70.0,1976,1680,0,1976,8,2,4,2,528,11.827049837927534
3182,43.0,2005,1504,0,2006,7,1,1,2,457,12.10625783509458
8385,65.0,1977,985,0,1977,6,1,3,1,328,11.917730355182512
12155,70.0,1970,1657,0,1970,7,1,3,2,484,12.004574385508691
2217,21.0,1970,546,546,1970,6,1,3,1,286,11.38510345703214
12118,43.0,2004,1710,0,2005,7,1,3,2,550,12.388398368982116
6000,60.0,1926,1008,0,1950,7,1,4,0,0,11.53273789613992
21286,115.0,1948,720,551,1950,7,1,4,1,312,11.81303746480054
9825,75.0,1965,1664,0,1965,8,2,4,0,0,11.51293546492023
10592,55.0,1923,900,602,1996,7,1,3,1,180,12.013706813470414
7200,60.0,1910,1022,0,2006,4,1,2,1,280,11.350418300109132
11664,60.0,1948,1082,0,1950,5,1,2,1,240,11.688566422839942
8400,70.0,2001,810,855,2001,6,1,3,2,528,12.33270970174018
11883,73.0,1996,1504,0,1996,6,1,3,2,478,12.220966184120163
5814,70.0,1984,1360,0,1984,4,1,1,2,565,12.141539457711714
10784,70.0,1991,802,670,1992,7,1,3,2,402,11.982935344196433
3013,43.0,2005,1506,0,2005,6,1,2,2,440,12.271349956195545
7024,60.0,2005,1132,0,2005,5,1,2,2,451,12.07824495582233
7406,64.0,2006,1220,0,2006,6,1,2,2,632,12.175618592671356
9439,52.0,1930,912,336,1950,6,1,2,1,160,11.373674891823535
3182,43.0,2005,1504,0,2006,7,1,2,2,437,12.160033942617156
15498,70.0,1976,2898,0,1976,10,1,2,2,665,12.567240979056246
7700,70.0,1972,882,0,1972,5,1,3,2,461,11.630717389475995
9300,73.0,1960,1264,0,1960,6,1,3,2,461,12.02874460037869
9520,71.0,2007,1646,0,2008,7,1,3,3,800,12.588194064175278
9492,79.0,1941,968,408,1950,6,1,3,1,240,11.561725152903833
1680,21.0,1972,672,546,1972,7,1,3,1,264,11.678448377988165
7082,70.0,1916,948,980,1995,10,2,5,0,0,11.982935344196433
15863,102.0,1920,1687,998,1970,12,1,5,2,672,12.190964083849376
14541,70.0,1993,1352,1168,1993,10,1,5,3,796,12.644330802262578
8125,70.0,2002,1654,0,2002,6,1,3,3,900,12.345838935721968
6305,50.0,1938,954,0,1950,5,1,2,1,240,11.693169865968985
11500,70.0,1957,845,0,1957,5,1,3,1,290,11.338583982516496
12898,89.0,2007,1620,0,2008,6,1,2,3,912,12.66191713053049
9240,70.0,2001,1055,1208,2002,7,1,3,2,905,12.567240979056246
1533,21.0,1970,798,546,2008,6,1,3,0,0,11.48247656671073
1477,21.0,1970,630,0,1970,3,1,1,1,286,11.289794413577894
13125,88.0,1957,1803,0,2000,8,1,3,2,484,11.951186847493476
9130,70.0,1966,800,832,2000,7,1,4,2,484,12.06105265381003
5381,34.0,2005,1306,0,2005,5,1,1,2,624,12.185875040240456
11839,86.0,1990,1532,797,1990,10,1,4,2,514,12.47717172708952
9600,80.0,1981,2524,0,1981,9,1,4,2,542,12.535379989788607
13680,70.0,1955,1733,0,1955,8,1,4,2,452,11.846543632608537
16056,85.0,2005,1992,876,2006,11,1,4,3,716,13.229569788348703
9245,57.0,1994,990,0,1995,5,1,3,2,672,11.884495917930655
21750,100.0,1960,1771,0,2006,9,1,3,2,336,11.652696102959752
11100,60.0,1946,930,0,2006,6,1,2,1,308,11.349241150793087
8993,73.0,2007,1302,0,2007,6,1,3,2,436,12.080996832096169
11175,103.0,2007,1316,0,2007,6,1,3,2,440,12.206782393599411
9500,100.0,1964,1127,850,1978,9,1,4,2,540,12.013706813470414
8562,68.0,1957,1526,0,2002,7,1,4,1,364,11.881041706925902
11367,90.0,2002,1091,898,2002,7,1,3,2,586,12.449022745701502
11361,104.0,1976,1523,0,1976,7,1,3,2,478,12.100717685412471
7052,43.0,2005,1364,0,2005,6,1,2,2,484,12.13270055639427
29959,70.0,1994,979,871,1994,7,1,3,2,467,12.421188057397057
11308,96.0,2008,1130,1054,2008,10,1,3,3,836,12.721888795877376
11275,70.0,1932,1096,895,1950,7,1,3,2,432,12.301387370778713
4920,41.0,2001,1338,0,2001,6,1,2,2,582,12.271396795480596
18000,120.0,1935,894,0,1950,6,1,2,3,1248,11.302216779257382
13600,85.0,1900,1422,915,1950,10,2,5,2,560,11.407576060361786
6000,50.0,1925,1103,0,1980,5,1,2,2,440,11.612779849672751
11000,70.0,1966,1154,0,1966,6,1,3,2,480,11.944714374881176
14000,80.0,1996,1306,954,1997,7,1,3,2,533,12.700771936142122
7837,59.0,1993,799,772,1994,7,1,3,2,380,12.08954444723597
9760,80.0,1964,798,813,1964,7,1,4,2,442,12.031129798974042
3964,42.0,1973,1291,1230,1973,10,1,5,2,576,11.927687224983488
9600,60.0,1949,893,0,2003,4,1,2,2,576,11.81303746480054
10152,72.0,1956,1048,0,1956,6,1,3,1,286,11.81303746480054
11700,78.0,1968,829,727,1968,8,1,4,2,441,11.944714374881176
7585,50.0,1948,1002,454,1950,7,1,4,1,280,11.42410518016564
7950,75.0,1977,698,728,1977,6,1,3,2,440,11.979805470779858
8556,74.0,2006,1240,0,2006,5,1,2,3,826,12.175618592671356
13125,75.0,1940,960,780,1984,6,1,3,1,240,12.299112067295642
10800,60.0,1936,1096,370,1989,7,1,3,2,566,12.04355959836804
15870,70.0,1969,1096,0,1969,6,1,3,1,299,11.84079653163984
4435,37.0,2004,848,0,2004,3,1,1,2,420,11.95697646939348
8775,65.0,1994,990,0,1994,5,1,3,1,299,11.744045122410055
11040,80.0,1971,1258,0,2004,5,1,3,2,528,11.884495917930655
7500,75.0,1963,1040,0,1963,5,1,3,1,308,11.798111925972618
8749,70.0,2002,1459,0,2002,6,1,3,2,527,12.165255859329688
8800,80.0,1964,1251,0,1964,6,1,3,1,461,11.982935344196433
13031,70.0,1995,691,807,1996,6,1,3,2,409,12.141539457711714
9069,73.0,1992,996,0,1992,5,1,2,2,564,11.898194668458824
1974,70.0,1973,546,546,1973,6,1,3,1,286,11.33261388681514
10574,85.0,2005,1082,871,2006,9,1,3,3,1043,12.437188334739655
2522,24.0,2004,970,739,2004,7,1,3,2,380,11.83138646878959
3316,37.0,2005,1247,0,2005,4,1,1,2,550,12.190964083849376
8544,60.0,1950,1040,0,1950,6,2,2,2,400,11.439289689006644
2160,24.0,1999,624,628,2000,4,1,2,2,462,11.982935344196433
8400,60.0,1925,1390,304,1950,7,1,4,2,576,11.824087219587645
9230,71.0,1965,1200,0,1998,6,1,1,2,884,11.891368749982083
5868,74.0,1956,936,0,2000,4,1,2,1,308,11.767575435251748
9317,78.0,2006,1314,0,2006,6,1,3,2,440,12.080696479888449
6882,60.0,1914,773,582,2006,7,1,3,0,0,11.751950239425476
3696,70.0,1986,1088,0,1986,5,1,2,2,461,12.04355959836804
6000,50.0,1936,757,567,1950,6,1,3,1,240,11.759793355371237
11880,82.0,1978,1601,0,1978,7,1,3,2,478,11.964007453736912
8400,60.0,1920,438,0,1950,3,1,1,1,246,11.002116507732016
9758,61.0,1971,950,0,1971,5,1,3,1,280,11.691080018519528
7000,70.0,1960,1134,0,2002,6,1,2,1,254,11.81303746480054
8910,79.0,1959,1194,0,1959,6,1,3,2,539,11.979805470779858
2016,24.0,1970,630,672,1970,6,1,3,2,440,11.571203807011967
12256,98.0,1994,1500,1122,1995,9,1,3,2,712,12.691583538230216
10357,114.0,1990,1442,0,1991,6,1,3,2,719,12.100161978566868
23257,168.0,2006,887,1134,2006,9,1,3,2,422,12.52352951631214
8063,70.0,2000,948,742,2000,7,1,3,2,463,12.10625783509458
11362,107.0,2004,1836,0,2005,7,1,3,3,862,12.54254845357358
8000,70.0,1995,773,885,1996,8,1,3,2,431,12.144202560946876
10480,80.0,1976,1098,866,1976,8,1,4,2,483,12.230770136157428
7100,73.0,1957,816,0,1957,5,1,2,1,308,11.774527900858468
8923,66.0,1953,1008,0,2006,6,1,2,1,240,11.80932691294063
5400,90.0,1954,833,0,2000,4,1,2,1,326,11.669937760751914
12085,93.0,2007,1734,0,2007,7,1,3,3,928,12.669809806411456
7750,70.0,2002,779,640,2002,7,1,3,2,527,12.123239799036943
9764,57.0,1967,894,0,2003,5,1,3,2,450,11.775297421715829
13825,85.0,1958,1021,580,1987,6,1,3,1,300,11.849404844423074
7560,70.0,1959,1040,0,1959,6,1,3,1,286,11.803361242493628
8263,59.0,1920,1012,0,1950,6,1,2,1,308,11.68183244734232
10084,84.0,2005,1552,0,2006,7,1,3,3,782,12.268582547911404
8926,70.0,1956,960,0,1956,5,1,3,1,288,11.6262630788088
9405,50.0,1947,698,0,2008,4,1,2,0,0,11.678448377988165
9125,70.0,1992,812,670,1992,7,1,3,2,392,12.007017865994577
10434,60.0,1955,1005,0,1955,5,1,2,2,672,11.652696102959752
3684,53.0,2007,1555,0,2007,7,1,2,3,660,12.066816325306588
14572,182.0,2004,1530,0,2004,7,1,3,3,630,12.464587201678082
11796,59.0,2004,847,1112,2005,8,1,4,2,434,12.278397958261774
7200,60.0,1980,936,0,1980,4,1,2,2,672,11.849404844423074
7804,65.0,1928,1328,653,1950,7,1,4,2,576,11.81303746480054
10712,63.0,1991,974,0,1992,5,1,3,0,0,11.445727410406752
9900,90.0,1880,1178,1032,1950,8,1,5,1,205,11.674202123168431
9828,80.0,1995,1142,878,1995,8,1,3,2,466,12.386312871189734
8773,57.0,1997,916,684,1997,7,1,3,2,460,12.037659911047468
6180,60.0,1926,986,0,1950,5,1,2,1,180,11.53273789613992
9600,80.0,1950,1032,220,1950,6,1,3,1,288,11.686887175419702
6342,54.0,1875,780,240,1996,6,1,2,0,0,11.451060699493429
9819,70.0,1977,1567,0,1977,5,1,2,2,714,12.185875040240456
8731,98.0,1920,1167,0,1950,6,1,3,2,495,11.87757552297847
7350,60.0,1951,952,0,1951,4,1,2,2,840,11.842236406331557
10304,70.0,1976,1088,780,1976,9,1,4,2,484,12.193498926601634
9965,77.0,2006,1466,1362,2007,11,1,4,3,1052,12.959540872420414
9000,70.0,1959,1006,0,1959,5,1,3,0,0,11.289794413577894
12180,60.0,1941,672,252,1950,5,1,2,1,280,11.289794413577894
6240,52.0,1928,1042,534,1950,8,1,3,1,225,11.91170829631447
11200,70.0,1985,1298,0,1985,5,1,3,2,403,12.100717685412471
12000,75.0,1941,860,704,1950,7,1,3,1,234,12.069685751267224
5700,70.0,1926,572,539,1950,5,1,2,1,288,11.669082701743504
9000,50.0,1920,832,650,1988,7,1,3,2,324,11.870606902224589
8280,57.0,1950,932,0,1950,4,1,2,1,306,11.728044909070784
17755,134.0,1959,1466,0,1959,6,1,3,2,528,11.917730355182512
14115,90.0,1956,1811,0,2004,6,1,2,2,470,12.345838935721968
5890,70.0,1930,816,0,2007,5,1,2,1,432,11.6994133306336
13700,70.0,1965,902,918,1988,8,1,4,2,492,12.215037342290756
10768,90.0,1976,1437,0,2004,6,1,3,2,528,12.292254928916668
9350,85.0,1965,1265,0,1999,6,1,3,2,502,12.100161978566868
5001,34.0,2007,1314,0,2008,6,1,2,2,626,12.345838935721968
11932,92.0,2007,1580,0,2008,7,1,3,3,830,12.367889578686164
9120,76.0,1974,943,933,1974,8,1,4,2,540,12.128116509451258
2280,24.0,1978,855,601,1978,7,1,3,2,440,11.891368749982083
14778,70.0,1954,1640,0,2006,7,1,3,2,924,12.319405795112926
8724,109.0,1968,894,0,1968,5,1,3,2,450,11.767575435251748
12900,60.0,1969,1258,0,1969,6,2,0,2,400,11.59873612138334
16157,70.0,1978,1432,0,1978,5,1,2,2,588,12.175618592671356
9541,79.0,2009,1502,0,2009,7,1,3,2,644,12.359527368950229
10475,64.0,2008,1694,0,2008,7,1,3,3,776,12.41044511731981
10852,58.0,2000,959,712,2000,7,1,3,2,472,12.06105265381003
13728,120.0,1935,1236,872,1986,7,1,4,2,540,12.367345048436391
35760,118.0,1995,1831,1796,1996,10,1,4,3,807,13.34550852871726
9880,76.0,1977,1118,0,1977,6,1,3,1,358,12.049424683420916
9120,76.0,1958,1261,0,1958,6,1,3,2,433,12.001511614739403
4017,35.0,2006,625,625,2007,5,1,2,2,625,12.05467400868968
18030,138.0,1946,1636,971,1994,12,1,3,0,0,12.208574513247497
16560,80.0,1932,1170,1175,1950,9,1,4,2,360,12.384223015005311
10678,85.0,1992,2129,743,2000,9,1,4,2,541,12.560247968016562
6951,37.0,1984,923,0,1985,5,1,3,1,264,11.691080018519528
3950,70.0,1926,818,406,2004,5,1,3,1,210,11.652696102959752
7681,54.0,1921,820,523,1950,7,1,3,1,186,11.950541482162045
8335,77.0,1954,1124,0,1954,5,1,3,0,0,11.440365524765756
11170,70.0,1990,1298,1216,1991,8,1,4,2,693,12.429220196836384
5587,64.0,2008,1652,0,2008,5,1,2,2,482,12.880294363972055
15623,160.0,1996,2411,2065,1996,10,1,4,3,813,13.521140839642674
10800,60.0,1920,1130,0,1950,5,1,2,2,720,11.695255355062796
35133,50.0,1963,1572,0,1963,5,1,3,3,995,12.137263685701864
9738,60.0,1924,949,272,1950,7,1,4,1,392,11.560772327227417
10615,107.0,1900,1014,685,1970,7,2,3,2,420,11.461642696843066
12461,89.0,1994,1624,0,1995,5,1,2,3,757,12.476103599529845
8935,68.0,2002,831,829,2002,7,1,3,2,493,12.180759965737863
7500,60.0,1999,1028,776,1999,7,1,3,2,442,12.149507585033072
32463,70.0,1961,1622,0,1975,7,1,3,4,1356,12.031725210748633
2645,24.0,1999,764,677,2000,5,1,2,2,492,12.066816325306588
9600,60.0,1925,842,630,1994,6,1,3,1,250,11.736077016252436
4500,70.0,1999,1224,0,1999,5,1,2,2,402,12.013706813470414
9364,80.0,1969,663,689,1969,7,1,4,1,299,11.970356641103
8029,51.0,2005,728,728,2005,8,1,3,2,400,12.07824495582233
14054,58.0,2006,879,984,2006,9,1,4,3,660,12.29779001527865
8850,65.0,1916,815,875,1950,7,1,3,1,225,11.87757552297847
9100,70.0,2001,1212,0,2001,6,1,3,2,573,12.08954444723597
11235,75.0,1963,1382,0,1979,6,1,3,2,459,11.904974309480185
9353,71.0,1970,864,0,1970,5,1,3,1,280,11.6617850286409
10400,80.0,1998,866,913,1998,6,1,3,2,546,12.19552218463499
6000,50.0,1925,884,464,1997,5,1,3,1,216,11.669937760751914
9750,75.0,2000,1630,0,2001,6,1,3,2,451,12.269052139516225
10140,78.0,1975,1074,0,1975,6,1,3,2,495,11.941462360646147
14684,90.0,1990,2196,0,1991,7,1,3,3,701,12.513193308436527
8900,70.0,1966,1056,0,1966,5,1,2,1,384,11.580593459194764
9135,70.0,2003,1700,0,2003,7,1,3,2,544,12.206077645517674
7763,70.0,1962,1283,0,1980,6,1,3,2,506,11.849404844423074
10182,85.0,2006,1660,0,2006,8,1,3,2,500,12.577639650232571
11218,70.0,1992,1055,790,1992,8,1,3,2,462,12.149507585033072
12134,152.0,1988,1080,672,2005,8,1,4,2,492,12.00762780434872
9340,50.0,1941,672,0,1950,4,1,2,1,234,11.635151947212842
10246,70.0,1965,960,0,2001,3,1,0,1,364,11.884495917930655
10205,69.0,1962,999,0,1962,6,1,3,1,300,11.80932691294063
7094,99.0,1966,894,0,1966,5,1,3,1,384,11.736077016252436
8930,68.0,1978,1318,584,1978,8,2,4,2,539,11.6262630788088
8640,72.0,2009,1314,0,2009,6,1,3,2,552,12.343470927093518
6240,52.0,1947,672,240,1950,3,1,2,0,0,11.296024885689746
1680,21.0,1971,672,546,1971,7,1,3,0,0,11.42410518016564
7800,66.0,1964,912,0,1964,5,1,2,1,288,11.652696102959752
8250,55.0,1968,1211,0,1968,5,1,3,1,322,11.80560254159177
10496,78.0,1949,1168,678,1950,7,1,3,1,315,11.870606902224589
10680,89.0,1951,2136,0,1951,7,1,4,2,528,11.834291315386718
15384,60.0,2004,788,702,2005,8,1,3,2,388,12.122696471358964
10482,65.0,1958,1138,0,1958,6,1,3,1,264,11.884495917930655
14598,86.0,2007,894,1039,2007,9,1,4,3,668,12.273735966890268
8872,72.0,1965,912,0,2008,5,1,2,2,576,11.898194668458824
8769,65.0,2008,1702,0,2008,7,1,1,3,1052,12.813920618864572
7910,70.0,1960,1507,0,1960,7,1,4,1,404,11.751950239425476
18890,70.0,1977,1361,1259,1977,12,2,4,2,600,12.154784614286667
7728,70.0,1962,1190,0,1962,6,1,3,2,540,11.794345471549745
9842,70.0,1962,1224,0,1962,6,2,2,2,462,11.530775206233024
12160,70.0,1959,1188,0,1959,6,1,3,2,531,11.863589378812122
8525,55.0,1911,1024,940,1950,7,1,4,0,0,11.775297421715829
13132,96.0,1914,892,892,1950,9,1,4,1,180,11.841423131921784
2628,36.0,2003,764,862,2003,6,1,2,2,474,12.075400019877522
12393,41.0,2004,847,1101,2005,8,1,4,2,434,12.180759965737863
13072,63.0,2005,1141,0,2005,6,1,3,2,484,11.86710429621008
9037,64.0,2006,1484,0,2006,6,1,2,2,472,12.490879338036375
8158,65.0,2003,884,884,2003,8,1,3,2,543,12.323415584358154
9849,83.0,2007,1689,0,2007,7,1,3,3,954,12.42250975887691
10625,85.0,1974,1173,0,1974,6,1,3,2,528,12.04355959836804
13891,107.0,2006,2076,0,2006,7,1,2,3,850,13.049794835104816
11435,70.0,1929,792,725,1950,7,1,3,2,400,12.345838935721968
12090,78.0,1984,1140,728,2003,7,1,3,2,477,12.08954444723597
8125,65.0,2005,756,797,2006,6,1,3,2,615,12.136191879981927
12328,70.0,1976,1034,0,1976,6,1,3,3,888,12.042971193457888
9600,60.0,1917,1134,924,1950,8,1,3,2,396,11.771443882099636
7200,60.0,1950,988,0,1950,6,1,3,1,276,11.686887175419702
11160,93.0,1968,2110,0,1968,8,1,3,2,522,12.404927602627597
3136,70.0,2003,1405,0,2003,6,1,2,2,478,12.053801032483948
9858,62.0,1968,874,0,1968,5,1,3,1,288,11.775297421715829
17542,70.0,1974,1516,651,2003,9,1,3,2,518,12.59133844767558
6931,60.0,2003,760,896,2004,7,1,3,2,397,12.016128107502665
6240,52.0,1931,959,408,1950,6,1,3,1,560,11.755879486687116
14303,91.0,1994,1987,0,1994,7,1,2,2,691,12.616528611893465
4060,56.0,1922,864,0,1950,4,1,2,0,0,11.511934974596556
9587,59.0,2005,1166,0,2005,5,1,2,2,400,12.154784614286667
9750,65.0,1969,1054,0,1969,6,1,3,2,460,11.92504173829169
24682,70.0,1999,892,783,1999,7,1,3,2,502,12.10625783509458
9600,80.0,1956,1050,0,1956,5,1,2,1,338,11.766799946849089
11250,70.0,1957,1104,684,1989,8,1,5,1,304,11.992266613576142
13515,60.0,1919,1060,764,1950,8,1,3,2,520,12.103491596905933
4060,34.0,1998,1337,0,1999,5,1,2,2,511,12.10625783509458
3735,35.0,1999,713,739,1999,6,1,3,2,506,12.12215284831553
10120,60.0,1910,964,925,1950,9,2,4,1,308,11.711784520403112
13214,89.0,2008,2018,0,2009,10,1,3,3,746,12.843973993864076
14100,70.0,1935,1968,1479,1997,11,1,4,3,1014,12.850557278777307
11344,78.0,1958,874,650,1958,7,1,3,1,315,11.87757552297847
23595,70.0,1979,1332,192,1979,4,1,0,2,586,12.468440756144114
9156,70.0,1968,1489,0,1968,7,1,3,2,462,12.132162346145597
13526,70.0,1965,935,0,1965,5,1,3,1,288,11.827743504053696
11512,124.0,1959,1357,0,2006,5,1,2,1,312,12.08391066125752
5362,53.0,1910,661,589,2003,8,1,3,2,552,11.842236406331557
11345,95.0,1948,928,992,1950,10,2,4,2,400,11.827743504053696
12936,70.0,1972,735,660,1972,6,1,3,2,497,11.995357787034976
17871,70.0,1967,1724,0,1976,7,1,3,2,480,12.19552218463499
9473,75.0,2002,1128,903,2002,7,1,3,2,577,12.37581963951765
7500,60.0,1920,698,430,1950,6,1,2,2,528,11.133142723386811
9808,67.0,2002,1573,0,2002,6,1,3,2,544,12.33270970174018
8049,50.0,1990,1339,0,1990,6,1,2,2,484,12.100717685412471
8800,61.0,1977,1040,0,2008,5,1,3,2,484,11.921725007667265
9400,94.0,1971,912,912,1971,8,2,4,0,0,11.842236406331557
9638,50.0,1919,1699,748,1990,10,1,4,1,336,12.037659911047468
6000,50.0,1939,825,587,1950,6,1,4,1,280,11.794345471549745
9790,70.0,1963,1328,0,1963,6,1,3,2,528,11.870606902224589
36500,70.0,1964,1582,0,1964,7,1,4,2,390,12.154784614286667
5664,40.0,2000,1659,0,2000,5,1,2,2,499,12.535379989788607
11065,86.0,2006,1120,850,2006,8,1,3,3,753,12.546113507028412
14112,70.0,1964,1152,0,1964,6,1,3,2,484,12.103491596905933
1680,21.0,1972,630,672,1972,6,1,3,1,264,11.691080018519528
6600,60.0,1892,1378,994,1965,11,2,4,1,432,11.58525542883217
10140,78.0,1976,832,832,1976,8,1,4,2,528,12.000897933306716
8172,60.0,1955,864,0,1990,5,1,2,2,572,11.652696102959752
8400,70.0,1968,1052,0,1968,5,1,3,1,288,11.83863282480007
8700,80.0,1963,1128,0,1963,6,1,3,2,525,11.951186847493476
3675,35.0,2005,1072,0,2006,5,1,2,2,525,11.849404844423074
63887,313.0,2008,4692,950,2008,12,1,3,2,1418,11.982935344196433
7500,75.0,1959,1246,0,1994,6,1,3,1,305,11.944714374881176
10762,70.0,1999,1005,978,1999,9,1,3,2,490,12.323860125621126
7500,70.0,1942,753,741,1950,7,1,3,1,213,12.086731521684555
10120,92.0,1994,1203,1323,1994,8,1,4,3,844,12.577639650232571
8688,73.0,2005,1616,0,2005,7,1,3,3,834,12.354496960983983
3363,32.0,2004,976,732,2004,7,1,3,2,380,11.775297421715829
13173,108.0,2006,1652,0,2007,6,1,2,2,840,12.691583538230216
6955,48.0,2005,1368,0,2006,6,1,2,2,474,12.218500103788145
8072,60.0,1994,990,0,1995,5,1,3,2,480,11.8350162104899
12000,100.0,1948,1122,0,2005,6,1,2,2,528,11.898194668458824
7153,70.0,1991,1294,0,1991,6,1,3,2,496,12.09626335986454
17500,100.0,1959,1902,0,2002,7,1,3,2,567,12.721888795877376
8814,68.0,2005,1274,0,2007,6,1,3,2,508,12.220966184120163
9572,70.0,1990,1453,1357,1990,9,1,4,2,750,12.618185607609805
14774,108.0,1999,1422,1177,1999,10,1,4,3,779,12.716405147731708
8190,60.0,1954,948,0,1954,5,1,3,1,280,11.686887175419702
11075,85.0,1969,1092,1020,1969,9,1,4,2,576,12.239995696974733
10226,61.0,2008,1630,0,2008,8,1,3,3,860,12.59640381105362
4230,47.0,2006,1352,0,2007,5,1,2,2,466,12.249615734512616
14781,70.0,2001,1787,0,2002,7,1,3,3,748,12.524530013005734
10215,75.0,1954,948,0,1954,5,1,3,1,248,11.6172944892629
8400,70.0,1957,1478,0,1957,6,1,3,2,442,11.960817678718287
6627,70.0,1949,720,0,1950,4,1,2,1,287,11.19135563385109
10186,107.0,1992,1061,862,1992,8,1,3,2,564,12.154784614286667
5330,50.0,1940,708,0,1950,5,1,2,0,0,11.320565693461432
9986,75.0,2006,1795,0,2007,7,1,2,3,895,11.898194668458824
3636,40.0,1922,796,0,1950,5,1,2,0,0,10.915106645867503
4270,70.0,1931,774,0,2006,6,1,3,0,0,11.277215789596893
6600,60.0,1982,816,0,2008,5,1,3,1,264,11.779136168550774
10440,60.0,1920,1584,1208,1950,8,1,5,2,520,12.45293662970407
9084,63.0,1998,955,677,1998,8,1,3,2,462,12.08108182106182
10000,85.0,2006,1588,0,2006,7,1,3,3,825,12.33270970174018
10780,55.0,1976,954,0,1976,6,1,3,2,576,11.794345471549745
8877,67.0,1938,816,0,1958,3,1,2,1,288,11.51293546492023
7200,60.0,1938,803,557,1995,6,1,2,1,297,11.74006900564972
2368,24.0,1970,765,600,1970,7,1,3,2,440,11.736077016252436
9650,80.0,1977,1334,0,1977,6,1,2,2,630,12.031129798974042
9246,87.0,1973,1656,0,1973,8,2,4,2,506,11.81303746480054
4118,153.0,1941,693,0,1950,4,1,2,0,0,10.86858749601736
13450,95.0,2002,920,941,2002,8,1,3,2,492,12.206077645517674
9560,120.0,1972,864,0,1972,5,1,3,1,288,11.7636919653883
8294,70.0,1971,872,0,1971,5,1,3,4,480,11.719947764402807
13695,66.0,2003,1114,0,2004,6,1,3,2,576,11.951186847493476
9375,70.0,2002,1284,885,2002,7,1,3,2,647,12.339295865674435
7558,57.0,1928,1172,741,1950,9,1,3,2,342,12.08391066125752
11103,85.0,2006,728,728,2006,8,1,3,2,440,11.95655945119582
6000,50.0,1920,960,0,1950,5,1,2,1,308,11.59451466851004
20781,70.0,1968,2156,0,2003,9,1,3,2,508,12.47801017053037
15306,93.0,2006,1776,0,2007,7,1,3,3,712,12.554840409959793
16196,70.0,1998,1494,0,1998,5,1,3,2,514,12.278397958261774
5250,50.0,1872,938,1215,1987,8,1,4,0,0,11.711784520403112
11643,91.0,1969,1338,1296,1969,12,2,6,4,968,12.206077645517674
9247,70.0,1962,858,858,1962,8,1,4,2,490,12.049424683420916
6000,50.0,1937,786,390,2000,4,1,2,2,624,11.812296455066814
14720,56.0,1995,2053,1185,1996,9,1,4,3,666,12.923914877701906
10316,70.0,2000,992,873,2000,7,1,3,3,839,12.367345048436391
10192,102.0,1968,1222,698,1992,8,1,4,2,487,12.04355959836804
9477,70.0,1966,892,0,1966,5,1,3,1,264,11.60824473564232
12537,70.0,1971,1078,0,2008,6,1,3,2,500,11.917730355182512
2117,70.0,2000,769,804,2000,5,1,3,2,440,12.086731521684555
16737,129.0,2004,1980,0,2005,8,1,3,3,770,12.660331092405906
9842,51.0,1921,990,1611,1998,8,1,4,2,621,12.149507585033072
16158,124.0,2005,1530,0,2005,7,1,3,2,430,12.468440756144114
12513,70.0,1920,1281,457,2007,7,1,4,1,368,11.560772327227417
8499,73.0,2006,616,796,2007,6,1,3,2,432,11.963574241653712
3180,30.0,2005,520,600,2005,4,1,2,2,480,11.878630514504517
7500,70.0,2000,814,860,2000,7,1,3,2,663,12.283038316285214
9179,68.0,1999,882,908,1999,7,1,3,2,588,12.170450649220747
2665,41.0,1977,925,550,1977,6,1,4,1,336,11.751950239425476
4435,70.0,2003,848,0,2004,4,1,1,2,420,11.87757552297847
10635,48.0,2003,1668,0,2003,8,1,3,2,502,12.354496960983983
5400,90.0,1920,840,534,1950,6,1,2,1,338,11.561725152903833
9600,80.0,1955,1661,0,1996,8,1,3,1,377,12.016732516077072
9750,75.0,1998,1108,989,1998,8,1,3,2,583,12.521981322562503
11400,70.0,2001,2633,0,2002,8,1,2,3,804,13.05301544288996
10625,85.0,2005,1026,932,2005,9,1,3,3,936,12.429220196836384
10991,89.0,2007,1571,0,2007,7,1,3,3,722,12.384223015005311
6292,52.0,1930,790,0,1950,4,1,2,1,160,11.418625774449596
10998,60.0,1941,984,620,1960,6,1,3,2,660,11.669937760751914
1953,21.0,1973,483,504,1973,5,1,2,1,264,11.326607934898927
9735,73.0,2006,754,640,2007,7,1,3,2,400,12.02874460037869
8212,45.0,1914,864,0,1950,5,1,2,1,200,10.97679912709094
12925,70.0,1970,2117,0,1970,7,1,4,2,550,12.377927112974284
7200,60.0,1920,998,764,1950,8,1,4,2,576,11.964007453736912
25339,70.0,1918,1416,0,2007,7,1,3,2,576,11.6262630788088
9060,60.0,1939,698,560,1950,6,1,2,1,280,11.561725152903833
5436,40.0,1922,796,358,2007,7,1,3,1,240,11.74006900564972
16692,80.0,1978,1392,1392,1978,12,1,5,2,564,12.429220196836384
8520,60.0,1916,1664,862,1950,10,1,5,1,216,11.820417517632333
14892,42.0,2006,1746,0,2007,7,1,3,3,758,12.84132849667433
6000,60.0,1941,869,349,1950,6,1,3,2,440,11.78296023574194
9100,70.0,2000,1525,0,2000,6,1,3,2,541,12.367345048436391
8944,65.0,1967,1584,0,1967,8,2,4,3,792,11.728044909070784
7838,68.0,1967,900,0,1967,6,1,3,1,288,11.719947764402807
10800,60.0,1905,1221,691,2000,7,2,3,2,672,12.001511614739403
4045,53.0,2006,1500,0,2006,6,1,2,3,648,12.415437707935368
12665,88.0,2005,1133,1349,2006,9,1,4,3,642,12.546871224308068
57200,70.0,1948,1687,0,1950,7,1,3,2,572,11.982935344196433
6120,51.0,1920,939,574,2004,8,1,4,1,180,11.83138646878959
7200,60.0,1950,1136,768,1982,7,1,3,1,240,11.8350162104899
6171,51.0,1925,1160,448,1990,7,1,3,1,216,11.831022768939787
6000,50.0,1929,950,208,1950,5,1,3,1,208,11.695255355062796
7415,62.0,2004,864,729,2004,8,1,3,2,398,12.170450649220747
6762,64.0,2006,1294,0,2006,6,1,2,2,662,12.174994689959313
15256,49.0,2007,1464,0,2007,6,1,3,3,754,12.552930054797937
10410,60.0,1915,694,520,1950,6,1,3,3,936,11.561725152903833
3842,44.0,2004,1646,0,2005,5,1,2,2,482,12.524530013005734
8445,70.0,1972,768,0,2007,5,1,2,2,396,11.798111925972618
8780,70.0,1985,833,0,1985,5,1,3,0,0,11.6262630788088
7740,60.0,1910,741,622,1950,6,1,3,2,528,11.74006900564972
20544,46.0,1986,1236,857,1991,7,1,3,2,542,12.278397958261774
12420,79.0,2001,944,896,2001,6,1,3,2,622,12.345838935721968
9600,80.0,1950,1112,556,2005,6,1,3,1,271,11.849404844423074
7200,60.0,1949,1040,0,1950,6,2,2,2,420,11.407576060361786
10994,88.0,2005,1844,0,2006,7,1,2,2,620,12.456835254920373
13053,64.0,1923,1053,795,2000,8,1,4,2,370,12.240478903153711
3635,51.0,2007,1569,0,2007,7,1,1,3,660,12.077676615757811
11340,60.0,1885,1246,1044,1950,11,2,4,2,560,11.715874472198903
16545,70.0,1998,1310,1140,1998,7,1,3,3,1069,12.73670383776449
9204,71.0,1963,1144,0,1963,6,1,3,1,336,11.728044909070784
16381,70.0,1969,1844,0,1969,7,1,3,2,540,12.314931534737134
11700,90.0,1968,708,708,1968,7,1,3,2,776,12.100161978566868
4043,53.0,1977,1069,0,1977,4,1,2,2,440,11.755879486687116
4435,37.0,2003,848,0,2003,3,1,1,2,420,11.824087219587645
19690,70.0,1966,1575,626,1966,8,1,4,2,432,12.524420916542532
9503,70.0,1958,1344,0,1983,6,1,2,1,484,11.87757552297847
10721,80.0,1959,1252,0,1959,7,1,3,2,528,11.863589378812122
10944,81.0,1994,1223,904,1994,5,1,3,2,525,12.509877789891933
10930,60.0,1945,1048,510,1950,6,1,3,1,288,11.849404844423074
7200,60.0,1940,804,0,1992,4,1,2,1,240,11.686887175419702
12546,70.0,1981,1440,0,1981,7,1,3,2,467,12.116700301832571
21930,60.0,2005,734,1104,2005,7,1,4,2,372,12.165984756488545
4928,70.0,1976,958,0,1976,5,1,2,2,440,11.87583791515714
10800,60.0,1927,968,0,2007,5,1,4,1,216,11.07443600653965
10261,93.0,2000,962,830,2000,8,1,3,2,451,12.136191879981927
17400,80.0,1977,1126,0,1977,5,1,3,2,484,11.982935344196433
8400,80.0,1962,1537,0,2005,7,1,3,2,462,12.066816325306588
9000,60.0,1971,864,0,1971,5,1,3,2,528,11.6994133306336
12444,96.0,2008,1932,0,2008,7,1,2,3,774,12.885673487343764
7407,90.0,1957,1236,0,1996,6,1,2,2,923,11.916395250412128
11584,80.0,1979,1040,685,1979,6,1,3,2,550,12.190964083849376
11526,79.0,1922,1423,748,1994,11,1,3,2,672,12.160033942617156
4426,70.0,2004,848,0,2004,3,1,1,2,420,11.913719681428494
11003,85.0,2008,1026,981,2008,10,1,3,3,812,12.644330802262578
8854,70.0,1916,952,0,1950,4,1,2,1,192,11.703554089007538
8500,63.0,2004,1422,0,2004,7,1,3,2,626,12.098493002763464
8400,70.0,1966,913,0,1966,6,1,3,1,240,11.767575435251748
26142,70.0,1962,1188,0,1962,6,1,3,1,312,11.969723533345908
10000,80.0,1995,1220,870,1996,8,1,3,2,556,12.388398368982116
11767,70.0,1910,796,550,2000,6,1,2,1,384,11.6262630788088
1533,21.0,1970,630,0,1970,3,1,1,0,0,11.429554725537322
9000,60.0,1974,896,896,1974,8,2,4,0,0,11.820417517632333
9262,78.0,2008,1578,0,2009,7,1,3,3,840,12.567554517655417
3675,35.0,2005,1072,0,2005,5,1,2,2,525,11.884495917930655
17217,90.0,2006,1140,0,2006,6,1,3,0,0,11.344518647594766
7500,62.0,2004,1221,0,2005,6,1,2,2,400,12.128116509451258
7917,62.0,1999,953,694,2000,7,1,3,2,460,12.07254696717504
13175,85.0,1978,2073,0,1988,7,1,3,2,500,12.25486757159303
9042,66.0,1941,1188,1152,2006,9,1,4,1,252,12.493133274926212
9717,68.0,1950,1078,0,1996,5,1,2,1,240,11.864469267087893
9937,75.0,1965,1256,0,1965,6,1,3,1,276,11.901590234400048
